"義大利",100.571266815351
"牛排",84.0937614866995
"餐廳",65.8139229183557
"聚會",59.7508305300234
"異國",57.0026979798184
"海鮮",54.4363379783639
"三明治",53.1370169362544
"朋友",47.0099449416827
"午餐",45.5325044268794
"牛肉",43.2244797775048
"沙拉",42.9760562987084
"平價",42.7588054715439
"漢堡",42.5157746190528
"奶油",38.6507041991389
"用餐",36.724253419715
"認為",35.2298571656779
"推薦",35.2298571656779
"網友",35.2298571656779
"值得",35.2298571656779
"雞肉",35.0250034052918
"titlesegj",34.034552051829
"美食",33.0518280777435
"服務費",31.5225030647627
"價位",31.5225030647627
"法式",30.9205633593111
"環境",30.9205633593111
"牛排館",30.9205633593111
"咖啡",30.4534807295889
"吃吃喝喝",29.379402735772
"套餐",28.6122398887524
"啤酒",28.034552051829
"冰淇淋",27.0554929393972
"番茄",27.0554929393972
"手工",27.0554929393972
"約會",27.0554929393972
"精緻",26.1029834825048
"美味",26.1029834825048
"濃湯",26.1029834825048
"創意",25.4373142062517
"潛艇",25.4373142062517
"德國",24.524777047502
"情侶",24.524777047502
"薯條",24.524777047502
"白酒",23.3621267098575
"廚房",23.3621267098575
"焦糖",23.3621267098575
"龍蝦",23.3621267098575
"麵包",23.3621267098575
"墨西哥",23.3621267098575
"豐盛",22.689701367886
"顧客",22.689701367886
"美國",22.689701367886
"瑞安",22.689701367886
"lapplylengthsegj",22.689701367886
"nshape",22.689701367886
"nterm",22.689701367886
"term",22.689701367886
"東區",21.7524862354207
"辣味",21.7524862354207
"巧克力",21.7524862354207
"炸雞",21.7524862354207
"綜合",21.7524862354207
"蜂蜜",20.3498513650014
"干貝",20.3498513650014
"台北",20.3498513650014
"西西里",20.3498513650014
"香腸",20.3498513650014
"點點",20.0172760259145
"古巴",20.0172760259145
"跳舞",20.0172760259145
"我家",20.0172760259145
"pita",20.0172760259145
"蛋糕",18.689701367886
"服務",18.689701367886
"聚餐",18.689701367886
"生日",18.689701367886
"提供",18.689701367886
"新鮮",18.689701367886
"信義",18.689701367886
"夜市",18.689701367886
"法國",17.0172760259145
"季節",17.0172760259145
"假日",17.0172760259145
"芥末",17.0172760259145
"口味",17.0172760259145
"芒果",17.0172760259145
"森林",17.0172760259145
"時段",17.0172760259145
"推出",17.0172760259145
"先生",17.0172760259145
"小吃",17.0172760259145
"藝術",17.0172760259145
"組合",17.0172760259145
"料理",15.5544167187893
"比利時",15.262388523751
"菜單",15.262388523751
"供應",15.262388523751
"鮭魚",15.262388523751
"健康",15.262388523751
"辣椒",15.262388523751
"臘腸",15.262388523751
"蘆筍",15.262388523751
"馬鈴薯",15.262388523751
"南瓜",15.262388523751
"輕鬆",15.262388523751
"師大",15.262388523751
"使用",15.262388523751
"舒適",15.262388523751
"台灣",15.262388523751
"西餐廳",15.262388523751
"香蕉",15.262388523751
"享受",15.262388523751
"選擇",15.262388523751
"洋蔥",15.262388523751
"早餐",15.262388523751
"招牌",15.262388523751
"豬腳",15.262388523751
"主廚",15.262388523751
"總店",15.262388523751
"包括",13.344850683943
"北海道",13.344850683943
"餐車",13.344850683943
"餐館",13.344850683943
"代表",13.344850683943
"帝國",13.344850683943
"東寶",13.344850683943
"東興",13.344850683943
"酒館",13.344850683943
"卡路里",13.344850683943
"口袋",13.344850683943
"平民",13.344850683943
"全天候",13.344850683943
"曬太陽",13.344850683943
"私房",13.344850683943
"新疆",13.344850683943
"養生",13.344850683943
"achoi",13.344850683943
"anticoforno",13.344850683943
"bonappetit",13.344850683943
"calacala",13.344850683943
"monga",13.344850683943
"mus",13.344850683943
"包場",11.344850683943
"貝殼",11.344850683943
"繽紛",11.344850683943
"布丁",11.344850683943
"布朗",11.344850683943
"部分",11.344850683943
"採用",11.344850683943
"充滿",11.344850683943
"出口",11.344850683943
"出來",11.344850683943
"打造",11.344850683943
"頂級",11.344850683943
"多種",11.344850683943
"發現",11.344850683943
"分詞",11.344850683943
"粉紅",11.344850683943
"份量",11.344850683943
"風格",11.344850683943
"風味",11.344850683943
"鳳梨",11.344850683943
"橄欖油",11.344850683943
"高價",11.344850683943
"更新",11.344850683943
"公館",11.344850683943
"功能",11.344850683943
"故宮",11.344850683943
"國界",11.344850683943
"蛤蜊",11.344850683943
"好吃",11.344850683943
"黃金",11.344850683943
"加州",11.344850683943
"家庭",11.344850683943
"價格",11.344850683943
"堅持",11.344850683943
"節日",11.344850683943
"經典",11.344850683943
"精選",11.344850683943
"客人",11.344850683943
"空間",11.344850683943
"老闆",11.344850683943
"利用",11.344850683943
"柳條",11.344850683943
"滿足",11.344850683943
"民生",11.344850683943
"命名",11.344850683943
"墨魚",11.344850683943
"奶酪",11.344850683943
"南京",11.344850683943
"年月",11.344850683943
"檸檬",11.344850683943
"牛奶",11.344850683943
"紐西蘭",11.344850683943
"紐約",11.344850683943
"歐洲",11.344850683943
"拼盤",11.344850683943
"品牌",11.344850683943
"親切",11.344850683943
"區分",11.344850683943
"肉醬",11.344850683943
"如同",11.344850683943
"山區",11.344850683943
"實在",11.344850683943
"市政府",11.344850683943
"適合",11.344850683943
"私人",11.344850683943
"松子",11.344850683943
"台北市",11.344850683943
"特色",11.344850683943
"為主",11.344850683943
"希望",11.344850683943
"西班牙",11.344850683943
"下午",11.344850683943
"鮮奶",11.344850683943
"現場",11.344850683943
"香草",11.344850683943
"香料",11.344850683943
"需求",11.344850683943
"洋芋",11.344850683943
"飲料",11.344850683943
"擁有",11.344850683943
"用心",11.344850683943
"有機",11.344850683943
"載入",11.344850683943
"中山",11.344850683943
"忠孝",11.344850683943
"豬排",11.344850683943
"豬肉",11.344850683943
"資料",11.344850683943
"attfun",11.344850683943
"author",11.344850683943
"brunch",11.344850683943
"date",11.344850683943
"echofalse",11.344850683943
"functioni",11.344850683943
"functionj",11.344850683943
"htmldocument",11.344850683943
"lapasta",11.344850683943
"lengthsegji",11.344850683943
"libraryreadxl",11.344850683943
"new",11.344850683943
"newnew",11.344850683943
"nnterm",11.344850683943
"op",11.344850683943
"output",11.344850683943
"readexceloutputvxlsx",11.344850683943
"rmd",11.344850683943
"segj",11.344850683943
"segji",11.344850683943
"segjjlengthsegjj",11.344850683943
"setwduserszhuangshuyuandocumentsgraduationstudentbusiness",11.344850683943
"shape",11.344850683943
"strsplitoptitlesegj",11.344850683943
"tasty",11.344850683943
"text",11.344850683943
"title",11.344850683943
"tshape",11.344850683943
"yuan",11.344850683943
"1006726",6.6724253419715
"1008358",6.6724253419715
"1009010",6.6724253419715
"1011448",6.6724253419715
"1011506",6.6724253419715
"1012990",6.6724253419715
"1015098",6.6724253419715
"1015742",6.6724253419715
"1019976",6.6724253419715
"1023862",6.6724253419715
"1035268",6.6724253419715
"1036398",6.6724253419715
"1039838",6.6724253419715
"1042250",6.6724253419715
"104402",6.6724253419715
"1046562",6.6724253419715
"1048688",6.6724253419715
"1049194",6.6724253419715
"1050386",6.6724253419715
"1050566",6.6724253419715
"1056042",6.6724253419715
"1057842",6.6724253419715
"1061838",6.6724253419715
"1064096",6.6724253419715
"1064810",6.6724253419715
"107209",6.6724253419715
"1076560",6.6724253419715
"1077926",6.6724253419715
"1102772",6.6724253419715
"1109669",6.6724253419715
"1110704",6.6724253419715
"115420",6.6724253419715
"118709",6.6724253419715
"119548",6.6724253419715
"143655",6.6724253419715
"146629",6.6724253419715
"147879",6.6724253419715
"152731",6.6724253419715
"16548",6.6724253419715
"16592",6.6724253419715
"16625",6.6724253419715
"16662",6.6724253419715
"16695",6.6724253419715
"16737",6.6724253419715
"17018",6.6724253419715
"22208",6.6724253419715
"22653",6.6724253419715
"28661",6.6724253419715
"29634",6.6724253419715
"30156",6.6724253419715
"30845",6.6724253419715
"31024",6.6724253419715
"32.6543560028076",6.6724253419715
"32.6593909263611",6.6724253419715
"32.6594939231873",6.6724253419715
"32.6595830917358",6.6724253419715
"32.6597208976746",6.6724253419715
"32.6598119735718",6.6724253419715
"32.6599059104919",6.6724253419715
"32.6600160598755",6.6724253419715
"32.6600930690765",6.6724253419715
"32.6601960659027",6.6724253419715
"32.6603059768677",6.6724253419715
"32.6603879928589",6.6724253419715
"32.6604659557343",6.6724253419715
"32.6605610847473",6.6724253419715
"32.6606509685516",6.6724253419715
"32.6607389450073",6.6724253419715
"32.6608610153198",6.6724253419715
"32.66095495224",6.6724253419715
"32.6610400676727",6.6724253419715
"32.6611280441284",6.6724253419715
"32.6612019538879",6.6724253419715
"32.661276102066",6.6724253419715
"32.6613609790802",6.6724253419715
"32.6614348888397",6.6724253419715
"32.6615080833435",6.6724253419715
"32.6615800857544",6.6724253419715
"32.6616659164429",6.6724253419715
"32.6617391109467",6.6724253419715
"32.6618130207062",6.6724253419715
"32.6618990898132",6.6724253419715
"32.6619729995728",6.6724253419715
"32.6620569229126",6.6724253419715
"32.6621420383453",6.6724253419715
"32.6622149944305",6.6724253419715
"32.6622869968414",6.6724253419715
"32.6623721122742",6.6724253419715
"32.6624450683594",6.6724253419715
"32.6625189781189",6.6724253419715
"32.6626029014587",6.6724253419715
"32.6626770496368",6.6724253419715
"32.6627490520477",6.6724253419715
"32.6628360748291",6.6724253419715
"32.6629090309143",6.6724253419715
"32.6629810333252",6.6724253419715
"32.6630539894104",6.6724253419715
"32.6631410121918",6.6724253419715
"32.6632130146027",6.6724253419715
"32.6632859706879",6.6724253419715
"32.6633720397949",6.6724253419715
"32.6634449958801",6.6724253419715
"32.663516998291",6.6724253419715
"32.6636021137238",6.6724253419715
"32.6636760234833",6.6724253419715
"32.6637630462646",6.6724253419715
"32.6638491153717",6.6724253419715
"32.6639211177826",6.6724253419715
"32.6639950275421",6.6724253419715
"32.6640830039978",6.6724253419715
"32.6641550064087",6.6724253419715
"32.6642251014709",6.6724253419715
"32.6643118858337",6.6724253419715
"32.6643829345703",6.6724253419715
"32.6644558906555",6.6724253419715
"32.6645269393921",6.6724253419715
"32.6646111011505",6.6724253419715
"32.66468501091",6.6724253419715
"32.6647570133209",6.6724253419715
"32.6648449897766",6.6724253419715
"32.6649188995361",6.6724253419715
"32.6649920940399",6.6724253419715
"32.6650779247284",6.6724253419715
"32.6651499271393",6.6724253419715
"32.6652359962463",6.6724253419715
"32.6653299331665",6.6724253419715
"32.6654369831085",6.6724253419715
"32.6655249595642",6.6724253419715
"32.6656188964844",6.6724253419715
"32.665699005127",6.6724253419715
"32.6657750606537",6.6724253419715
"32.6658670902252",6.6724253419715
"32.6659469604492",6.6724253419715
"32.6660249233246",6.6724253419715
"32.6661150455475",6.6724253419715
"32.6661961078644",6.6724253419715
"32.6662740707397",6.6724253419715
"32.6663529872894",6.6724253419715
"32.6664459705353",6.6724253419715
"32.666524887085",6.6724253419715
"32.6666009426117",6.6724253419715
"32.6666939258575",6.6724253419715
"32.6667768955231",6.6724253419715
"32.6668529510498",6.6724253419715
"32.66694688797",6.6724253419715
"32.6670269966125",6.6724253419715
"32.6671080589294",6.6724253419715
"32.6672420501709",6.6724253419715
"32.6674621105194",6.6724253419715
"32.667573928833",6.6724253419715
"32.6676859855652",6.6724253419715
"32.6677730083466",6.6724253419715
"32.6678569316864",6.6724253419715
"32.6679539680481",6.6724253419715
"33216",6.6724253419715
"37018",6.6724253419715
"37576",6.6724253419715
"38852",6.6724253419715
"4274",6.6724253419715
"43336",6.6724253419715
"43367",6.6724253419715
"43972",6.6724253419715
"44112",6.6724253419715
"47250",6.6724253419715
"47919",6.6724253419715
"50280",6.6724253419715
"51643",6.6724253419715
"54368",6.6724253419715
"58947",6.6724253419715
"597812",6.6724253419715
"601414",6.6724253419715
"601870",6.6724253419715
"632014",6.6724253419715
"63279",6.6724253419715
"65974",6.6724253419715
"666266",6.6724253419715
"67012",6.6724253419715
"70572",6.6724253419715
"72632",6.6724253419715
"74949",6.6724253419715
"75794",6.6724253419715
"85752",6.6724253419715
"88380",6.6724253419715
"91545",6.6724253419715
"91693",6.6724253419715
"925964",6.6724253419715
"929232",6.6724253419715
"930972",6.6724253419715
"931958",6.6724253419715
"93484",6.6724253419715
"942820",6.6724253419715
"948712",6.6724253419715
"954084",6.6724253419715
"957584",6.6724253419715
"960028",6.6724253419715
"960480",6.6724253419715
"969444",6.6724253419715
"97668",6.6724253419715
"97725",6.6724253419715
"982742",6.6724253419715
"992518",6.6724253419715
"994972",6.6724253419715
"愛爾蘭",6.6724253419715
"安心",6.6724253419715
"八角",6.6724253419715
"把關",6.6724253419715
"爸爸",6.6724253419715
"百貨公司",6.6724253419715
"包飯",6.6724253419715
"包廂",6.6724253419715
"薄餅",6.6724253419715
"薄脆",6.6724253419715
"飽滿",6.6724253419715
"北大",6.6724253419715
"北站",6.6724253419715
"本港",6.6724253419715
"本質",6.6724253419715
"避開",6.6724253419715
"變化",6.6724253419715
"並用",6.6724253419715
"補充",6.6724253419715
"不同",6.6724253419715
"步行",6.6724253419715
"材料",6.6724253419715
"採購",6.6724253419715
"菜色",6.6724253419715
"草莓",6.6724253419715
"層次",6.6724253419715
"層麵",6.6724253419715
"暢飲",6.6724253419715
"超高",6.6724253419715
"超過",6.6724253419715
"朝鮮",6.6724253419715
"潮流",6.6724253419715
"沉重",6.6724253419715
"陳年",6.6724253419715
"呈現",6.6724253419715
"持續",6.6724253419715
"寵物",6.6724253419715
"初衷",6.6724253419715
"廚師",6.6724253419715
"創立",6.6724253419715
"創始",6.6724253419715
"垂涎三尺",6.6724253419715
"大餐",6.6724253419715
"大量",6.6724253419715
"大樓",6.6724253419715
"大盤",6.6724253419715
"大蒜",6.6724253419715
"帶來",6.6724253419715
"當作",6.6724253419715
"地下",6.6724253419715
"地下室",6.6724253419715
"地址",6.6724253419715
"低溫",6.6724253419715
"帝王",6.6724253419715
"調和",6.6724253419715
"定位",6.6724253419715
"都市",6.6724253419715
"獨到",6.6724253419715
"獨家",6.6724253419715
"多利",6.6724253419715
"多樣化",6.6724253419715
"多重",6.6724253419715
"惡魔",6.6724253419715
"耳朵",6.6724253419715
"發福",6.6724253419715
"蕃茄",6.6724253419715
"飯店",6.6724253419715
"飯前",6.6724253419715
"方塊",6.6724253419715
"放鬆",6.6724253419715
"費城",6.6724253419715
"費工",6.6724253419715
"費時",6.6724253419715
"氛圍",6.6724253419715
"粉絲",6.6724253419715
"豐富",6.6724253419715
"撫慰",6.6724253419715
"附近",6.6724253419715
"負擔",6.6724253419715
"改變",6.6724253419715
"概念",6.6724253419715
"蓋飯",6.6724253419715
"感官",6.6724253419715
"感覺",6.6724253419715
"感受",6.6724253419715
"橄欖",6.6724253419715
"高檔",6.6724253419715
"高級",6.6724253419715
"高湯",6.6724253419715
"給予",6.6724253419715
"工細",6.6724253419715
"工作",6.6724253419715
"古典",6.6724253419715
"瓜農",6.6724253419715
"瓜子",6.6724253419715
"關係",6.6724253419715
"廣場",6.6724253419715
"貴族",6.6724253419715
"國大",6.6724253419715
"國父",6.6724253419715
"國際",6.6724253419715
"果茶",6.6724253419715
"果汁",6.6724253419715
"還要",6.6724253419715
"海洋",6.6724253419715
"漢中",6.6724253419715
"豪邁",6.6724253419715
"好像",6.6724253419715
"和平",6.6724253419715
"荷蘭",6.6724253419715
"烘烤",6.6724253419715
"轟炸",6.6724253419715
"互動",6.6724253419715
"花生",6.6724253419715
"花生醬",6.6724253419715
"花式",6.6724253419715
"花園",6.6724253419715
"歡迎",6.6724253419715
"回家",6.6724253419715
"回味",6.6724253419715
"活動",6.6724253419715
"活力",6.6724253419715
"火箭",6.6724253419715
"基隆",6.6724253419715
"機場",6.6724253419715
"雞胸",6.6724253419715
"即時",6.6724253419715
"紀念館",6.6724253419715
"家家",6.6724253419715
"家具",6.6724253419715
"家庭式",6.6724253419715
"家鄉",6.6724253419715
"尖峰",6.6724253419715
"建議",6.6724253419715
"江南",6.6724253419715
"焦黑",6.6724253419715
"接近",6.6724253419715
"街巷",6.6724253419715
"結合",6.6724253419715
"竭力",6.6724253419715
"錦州",6.6724253419715
"進口",6.6724253419715
"進一步",6.6724253419715
"經常",6.6724253419715
"經營",6.6724253419715
"竟然",6.6724253419715
"酒店",6.6724253419715
"舉辦",6.6724253419715
"開機",6.6724253419715
"開,6.6724253419715
"開業",6.6724253419715
"烤箱",6.6724253419715
"科技",6.6724253419715
"科學",6.6724253419715
"客戶",6.6724253419715
"空運",6.6724253419715
"口感",6.6724253419715
"藍色",6.6724253419715
"了解",6.6724253419715
"冷飲",6.6724253419715
"蒞臨",6.6724253419715
"連鎖",6.6724253419715
"涼拌",6.6724253419715
"涼麵",6.6724253419715
"料理台",6.6724253419715
"獵人",6.6724253419715
"龍門",6.6724253419715
"綠茶",6.6724253419715
"螺絲",6.6724253419715
"羅斯福",6.6724253419715
"馬克",6.6724253419715
"馬來西亞",6.6724253419715
"滿意",6.6724253419715
"沒有",6.6724253419715
"梅花",6.6724253419715
"每次",6.6724253419715
"每個",6.6724253419715
"每天",6.6724253419715
"每月",6.6724253419715
"每種",6.6724253419715
"美好",6.6724253419715
"美麗",6.6724253419715
"門市",6.6724253419715
"蜜糖",6.6724253419715
"蜜桃",6.6724253419715
"明蝦",6.6724253419715
"明治",6.6724253419715
"摩洛哥",6.6724253419715
"蘑菇",6.6724253419715
"魔術",6.6724253419715
"奶茶",6.6724253419715
"南美",6.6724253419715
"難得",6.6724253419715
"鳥巢",6.6724253419715
"檸檬汁",6.6724253419715
"牛肝菌",6.6724253419715
"濃郁",6.6724253419715
"挪威",6.6724253419715
"歐姆",6.6724253419715
"帕米爾",6.6724253419715
"泡泡",6.6724253419715
"烹調",6.6724253419715
"品質",6.6724253419715
"平均",6.6724253419715
"平日",6.6724253419715
"平實",6.6724253419715
"蘋果",6.6724253419715
"撲鼻",6.6724253419715
"奇異",6.6724253419715
"汽車",6.6724253419715
"氣氛",6.6724253419715
"愜意",6.6724253419715
"親手",6.6724253419715
"情人",6.6724253419715
"人來人往",6.6724253419715
"忍不住",6.6724253419715
"日出",6.6724253419715
"熔岩",6.6724253419715
"肉丸",6.6724253419715
"肉汁",6.6724253419715
"乳酪",6.6724253419715
"入口",6.6724253419715
"瑞士",6.6724253419715
"三分鐘",6.6724253419715
"三號",6.6724253419715
"三間",6.6724253419715
"鯊魚",6.6724253419715
"扇貝",6.6724253419715
"商業",6.6724253419715
"上班族",6.6724253419715
"設計",6.6724253419715
"設計師",6.6724253419715
"設置",6.6724253419715
"深海",6.6724253419715
"什錦",6.6724253419715
"生菜",6.6724253419715
"生活",6.6724253419715
"盛名",6.6724253419715
"師傅",6.6724253419715
"食堂",6.6724253419715
"時代",6.6724253419715
"世家",6.6724253419715
"市府",6.6724253419715
"市集",6.6724253419715
"飾品",6.6724253419715
"舒服",6.6724253419715
"蔬菜",6.6724253419715
"豎立",6.6724253419715
"雙層",6.6724253419715
"雙味",6.6724253419715
"水波",6.6724253419715
"水牛",6.6724253419715
"四季",6.6724253419715
"素食",6.6724253419715
"酸奶",6.6724253419715
"所有",6.6724253419715
"太陽",6.6724253419715
"態度",6.6724253419715
"提前",6.6724253419715
"體驗",6.6724253419715
"田螺",6.6724253419715
"田納",6.6724253419715
"鐵板",6.6724253419715
"鐵鍋",6.6724253419715
"停車",6.6724253419715
"停車場",6.6724253419715
"團體",6.6724253419715
"推向",6.6724253419715
"王子",6.6724253419715
"往年",6.6724253419715
"網路",6.6724253419715
"位置",6.6724253419715
"味覺",6.6724253419715
"味蕾",6.6724253419715
"溫暖",6.6724253419715
"文化",6.6724253419715
"屋內",6.6724253419715
"梧桐樹",6.6724253419715
"無花果",6.6724253419715
"無時無刻",6.6724253419715
"無線",6.6724253419715
"五年",6.6724253419715
"武昌",6.6724253419715
"物美價廉",6.6724253419715
"希爾頓",6.6724253419715
"細膩",6.6724253419715
"西餐",6.6724253419715
"西門",6.6724253419715
"蝦醬",6.6724253419715
"夏季",6.6724253419715
"限量",6.6724253419715
"香港",6.6724253419715
"香氣",6.6724253419715
"鄉村",6.6724253419715
"想念",6.6724253419715
"消費者",6.6724253419715
"小量",6.6724253419715
"小巷",6.6724253419715
"小小",6.6724253419715
"行動",6.6724253419715
"杏仁",6.6724253419715
"幸福",6.6724253419715
"兄弟",6.6724253419715
"雪花",6.6724253419715
"鴨子",6.6724253419715
"壓力",6.6724253419715
"延吉",6.6724253419715
"研發",6.6724253419715
"眼見",6.6724253419715
"邀請",6.6724253419715
"咬咬",6.6724253419715
"一百五十元",6.6724253419715
"一場",6.6724253419715
"一次",6.6724253419715
"一號",6.6724253419715
"一家",6.6724253419715
"一間",6.6724253419715
"一口",6.6724253419715
"一起",6.6724253419715
"一隻",6.6724253419715
"一種",6.6724253419715
"依據",6.6724253419715
"印度",6.6724253419715
"營養",6.6724253419715
"營業",6.6724253419715
"優雅",6.6724253419715
"優質",6.6724253419715
"油煙",6.6724253419715
"魷魚",6.6724253419715
"玉米",6.6724253419715
"預約",6.6724253419715
"鬱金香",6.6724253419715
"元氣",6.6724253419715
"原裝",6.6724253419715
"園區",6.6724253419715
"月亮",6.6724253419715
"再三",6.6724253419715
"造就",6.6724253419715
"真實",6.6724253419715
"征服",6.6724253419715
"知名",6.6724253419715
"致力",6.6724253419715
"置身",6.6724253419715
"製成",6.6724253419715
"質感",6.6724253419715
"中餐",6.6724253419715
"中東",6.6724253419715
"種類",6.6724253419715
"重慶",6.6724253419715
"主角",6.6724253419715
"主食",6.6724253419715
"主題",6.6724253419715
"轉角",6.6724253419715
"轉運站",6.6724253419715
"準則",6.6724253419715
"滋味",6.6724253419715
"自然",6.6724253419715
"自在",6.6724253419715
"自製",6.6724253419715
"自助餐",6.6724253419715
"最佳",6.6724253419715
"坐落",6.6724253419715
"amba",6.6724253419715
"ampm",6.6724253419715
"ampmpm",6.6724253419715
"amy",6.6724253419715
"angelorestauant",6.6724253419715
"atelier",6.6724253419715
"att",6.6724253419715
"bar",6.6724253419715
"barillaspaghetti",6.6724253419715
"bbq",6.6724253419715
"beata",6.6724253419715
"beatat",6.6724253419715
"bistro",6.6724253419715
"blanc",6.6724253419715
"bmw",6.6724253419715
"bolero",6.6724253419715
"buffet",6.6724253419715
"buonopizza",6.6724253419715
"casablancacafe",6.6724253419715
"chianti",6.6724253419715
"chilisgrillbar",6.6724253419715
"cincin",6.6724253419715
"circle",6.6724253419715
"circlepasta",6.6724253419715
"class",6.6724253419715
"classtext",6.6724253419715
"cp",6.6724253419715
"daddy",6.6724253419715
"dancingpig",6.6724253419715
"dannycompanybistro",6.6724253419715
"dean",6.6724253419715
"dotdot",6.6724253419715
"eataliano",6.6724253419715
"ekitchenbar",6.6724253419715
"firebite",6.6724253419715
"flushingtimesquare",6.6724253419715
"focuskitchen",6.6724253419715
"gordonbiersch",6.6724253419715
"halal",6.6724253419715
"icecafe",6.6724253419715
"irelandspotato",6.6724253419715
"jp",6.6724253419715
"just",6.6724253419715
"justlovecurry",6.6724253419715
"kitchen",6.6724253419715
"lamaison",6.6724253419715
"latelierdepatrick",6.6724253419715
"littlenewyorkpizzeria",6.6724253419715
"machotacos",6.6724253419715
"mot",6.6724253419715
"motkitchen",6.6724253419715
"mountkaosandwichshop",6.6724253419715
"nakedmarket",6.6724253419715
"ncis",6.6724253419715
"nolakitchen",6.6724253419715
"noprime",6.6724253419715
"oldiesburger",6.6724253419715
"omelettogo",6.6724253419715
"owlsbistro",6.6724253419715
"papparich",6.6724253419715
"party",6.6724253419715
"passagecaf",6.6724253419715
"pastabrunch",6.6724253419715
"pickles",6.6724253419715
"pizza",6.6724253419715
"prime",6.6724253419715
"ps",6.6724253419715
"psbubu",6.6724253419715
"quiznos",6.6724253419715
"rhodysbarrestaurant",6.6724253419715
"rollingcaf",6.6724253419715
"rosemary",6.6724253419715
"rul",6.6724253419715
"saizeriya",6.6724253419715
"saladay",6.6724253419715
"saltopizzerianapoletana",6.6724253419715
"sharkbitestoast",6.6724253419715
"sogo",6.6724253419715
"sonomagrill",6.6724253419715
"stancat",6.6724253419715
"subway",6.6724253419715
"ｔｅｌ",6.6724253419715
"thediner",6.6724253419715
"us",6.6724253419715
"11",0
"116",0
"13",0
"15",0
"26",0
"347",0
