id,county,region,lan,lat,checkin
1,TaipeiCity,Beitou,121.508447,25.137077,202
2,TaipeiCity,Datong,121.508274,25.056847,400
3,TaipeiCity,Shilin,121.530849,25.091713,47004
4,TaipeiCity,Shilin,121.5496,25.1013,230791
5,TaipeiCity,Beitou,121.506343,25.136571,89929
6,TaipeiCity,Beitou,121.547742,25.15579,92
7,TaipeiCity,Beitou,121.465255,25.124904,6617
8,TaipeiCity,Daan,121.5362,25.0296,267855
9,TaipeiCity,Beitou,121.511592,25.13794,97450
10,TaipeiCity,Xinyi,121.57197,25.023757,124454
11,TaipeiCity,Wanhua,121.499962,25.036798,113803
12,TaipeiCity,Zhongshan,121.533838,25.063059,180147
13,TaipeiCity,Beitou,121.508682,25.137025,6395
14,TaipeiCity,Xinyi,121.56376,25.03758,483
15,TaipeiCity,Zhongzheng,121.52194,25.03471,364553
16,TaipeiCity,Beitou,121.507153,25.136691,92646
17,TaipeiCity,Beitou,121.468942,25.127255,1340
18,TaipeiCity,Zhongzheng,121.52887,25.04381,1098717
19,TaipeiCity,Zhongzheng,121.51877,25.038728,3366
20,TaipeiCity,Zhongshan,121.536287,25.050375,4943
21,TaipeiCity,Wanhua,121.504196,25.020141,255
22,TaipeiCity,Beitou,121.507289,25.136663,93843
23,TaipeiCity,Datong,121.510085,25.055565,113724
24,TaipeiCity,Xinyi,121.564837,25.033194,4818
25,TaipeiCity,Datong,121.508379,25.076421,4865
26,TaipeiCity,Shilin,121.547742,25.15579,54189
27,TaipeiCity,Wenshan,121.58211,24.99883,944380
28,TaipeiCity,Neihu,121.581244,25.08222,16991
29,TaipeiCity,Shilin,121.530239,25.071668,221
30,TaipeiCity,Xinyi,121.560314,25.040055,299872
31,TaipeiCity,Neihu,121.60231,25.08282,44054
32,TaipeiCity,Zhongshan,121.533,25.0788,1683
33,TaipeiCity,Beitou,121.461523,25.122507,39902
34,TaipeiCity,Shilin,121.503137,25.08952,59
35,TaipeiCity,Shilin,121.534101,25.126878,1508
36,TaipeiCity,Zhongshan,121.52245,25.053225,612
37,TaipeiCity,Zhongshan,121.52434,25.072852,0
38,TaipeiCity,Beitou,121.47744,25.13748,850
39,TaipeiCity,Wenshan,121.587451,25.0029,128
40,TaipeiCity,Zhongzheng,121.51121,25.03161,26394
41,TaipeiCity,Shilin,121.56286,25.16791,284
42,TaipeiCity,Wanhua,121.506885,25.042057,139223
43,TaipeiCity,Songshan,121.57774,25.05103,20446
44,TaipeiCity,Beitou,121.46401,25.117655,139468
45,TaipeiCity,Neihu,121.62398,25.08037,5011
46,TaipeiCity,Zhongzheng,121.515468,25.040363,60892
47,TaipeiCity,Shilin,121.5159,25.0959,260618
48,TaipeiCity,Wenshan,121.587087,24.978651,18265
49,TaipeiCity,Zhongshan,121.535389,25.046111,20283
50,TaipeiCity,Datong,121.51892,25.05072,71967
51,TaipeiCity,Beitou,121.51479,25.13819,8980
52,TaipeiCity,Xinyi,121.560437,25.043303,916537
53,TaipeiCity,Datong,121.515416,25.073138,101266
54,TaipeiCity,Shilin,121.523704,25.098516,1516
55,TaipeiCity,Beitou,121.552772,25.155623,4168
56,TaipeiCity,Zhongzheng,121.530106,25.012652,805
57,TaipeiCity,Wanhua,121.50326,25.03666,783
58,TaipeiCity,Zhongzheng,121.51832,25.0355,11780
59,TaipeiCity,Wanhua,121.49484,25.015403,2637
60,TaipeiCity,Shilin,121.53067,25.12486,238
61,TaipeiCity,Beitou,121.469,25.1194,7676
62,TaipeiCity,Neihu,121.58829,25.097072,42530
63,TaipeiCity,Zhongshan,121.55746,25.082779,11351
64,TaipeiCity,Zhongshan,121.53055,25.07234,4635
65,TaipeiCity,Shilin,121.53255,25.10396,1463
66,TaipeiCity,Zhongshan,121.540946,25.07392,18
67,TaipeiCity,Wanhua,121.504046,25.019365,94941
68,TaipeiCity,Zhongzheng,121.51272,25.03998,9195
69,TaipeiCity,Zhongzheng,121.51589,25.03978,6402
70,TaipeiCity,Xinyi,121.587438,25.0364,963
71,TaipeiCity,Zhongshan,121.536372,25.075135,17034
72,TaipeiCity,Daan,121.534278,25.024585,12761
73,TaipeiCity,Beitou,121.518937,25.12744,2420
74,TaipeiCity,Beitou,121.50585,25.13724,877
75,TaipeiCity,Zhongzheng,121.512032,25.047272,33
76,TaipeiCity,Wenshan,121.543913,24.991055,514
77,TaipeiCity,Zhongzheng,121.51531,25.03176,50
78,TaipeiCity,Shilin,121.54694,25.1096,1086
79,TaipeiCity,Datong,121.50925,25.060855,0
80,TaipeiCity,Datong,121.51596,25.07238,12099
81,TaipeiCity,Shilin,121.466347,25.109398,32622
82,TaipeiCity,Wenshan,121.581059,24.984413,205
83,TaipeiCity,Beitou,121.493959,25.150559,5645
84,TaipeiCity,Zhongshan,121.52456,25.073226,1660
85,TaipeiCity,Beitou,121.51378,25.13153,523
86,TaipeiCity,Xinyi,121.56197,25.03131,2162
87,TaipeiCity,Zhongzheng,121.51501,25.04328,60630
88,TaipeiCity,Shilin,121.51897,25.09606,29038
89,TaipeiCity,Neihu,121.576746,25.051607,543
90,TaipeiCity,Shilin,121.525008,25.079154,11204
91,TaipeiCity,Daan,121.544814,25.04181,463
92,TaipeiCity,Wanhua,121.506321,25.042795,11413
93,TaipeiCity,Beitou,121.51126,25.13602,595
94,TaipeiCity,Zhongzheng,121.52238,25.04691,276
95,TaipeiCity,Daan,121.53404,25.02881,2819
96,TaipeiCity,Zhongzheng,121.51006,25.04323,23783
97,TaipeiCity,Datong,121.508284,25.05521,0
98,TaipeiCity,Neihu,121.587154,25.099171,102419
99,TaipeiCity,Beitou,121.520512,25.150156,1979
100,TaipeiCity,Wanhua,121.502629,25.040234,803
101,TaipeiCity,Songshan,121.5621,25.0472,810
102,TaipeiCity,Shilin,121.551611,25.100853,3108
103,TaipeiCity,Beitou,121.540118,25.159277,123
104,TaipeiCity,Datong,121.508405,25.05609,0
105,TaipeiCity,Zhongzheng,121.50808,25.03693,515
106,TaipeiCity,Songshan,121.562514,25.04856,144150
107,TaipeiCity,Zhongshan,121.523253,25.060503,65
108,TaipeiCity,Songshan,121.574996,25.05123,1733
109,TaipeiCity,Zhongzheng,121.51021,25.03129,264
110,TaipeiCity,Nangang,121.632879,25.031106,193
111,TaipeiCity,Daan,121.548399,25.041457,5
112,TaipeiCity,Zhongzheng,121.525342,25.02036,54586
113,TaipeiCity,Zhongshan,121.533642,25.048387,2678
114,TaipeiCity,Beitou,121.47491,25.141503,712
115,TaipeiCity,Zhongzheng,121.52434,25.04035,11975
116,TaipeiCity,Wanhua,121.499505,25.040071,25443
117,TaipeiCity,Shilin,121.586731,25.134289,9045
118,TaipeiCity,Zhongshan,121.530578,25.069429,2569
119,TaipeiCity,Shilin,121.53078,25.103166,7974
120,TaipeiCity,Wenshan,121.59215,24.97029,1500
121,TaipeiCity,Zhongshan,121.556592,25.075445,4086
122,TaipeiCity,Zhongshan,121.55532,25.086228,3301
123,TaipeiCity,Wenshan,121.583663,24.976283,520
124,TaipeiCity,Zhongzheng,121.517182,25.041496,0
125,TaipeiCity,Neihu,121.62269,25.08727,4103
126,TaipeiCity,Daan,121.53421,25.02794,349
127,TaipeiCity,Datong,121.510627,25.051213,712
128,TaipeiCity,Beitou,121.513748,25.138573,232
129,TaipeiCity,Zhongzheng,121.50829,25.03937,0
130,TaipeiCity,Shilin,121.527669,25.09218,49118
131,TaipeiCity,Wenshan,121.54173,24.9917,1704
132,TaipeiCity,Xinyi,121.57197,25.023757,693
133,TaipeiCity,Nangang,121.590632,25.037714,573
134,TaipeiCity,Daan,121.549075,25.040096,0
135,TaipeiCity,Datong,121.512064,25.073,82
136,TaipeiCity,Datong,121.508526,25.058252,0
137,TaipeiCity,Neihu,121.584683,25.112096,5217
138,TaipeiCity,Zhongzheng,121.51467,25.03172,6577
139,TaipeiCity,Zhongzheng,121.52179,25.042901,874
140,TaipeiCity,Songshan,121.548399,25.057222,0
141,TaipeiCity,Nangang,121.61613,25.04066,142
142,TaipeiCity,Daan,121.549193,25.045111,0
143,TaipeiCity,Songshan,121.551468,25.04849,110490
144,TaipeiCity,Zhongzheng,121.519099,25.043447,6165
145,TaipeiCity,Nangang,121.61693,25.03988,1139
146,TaipeiCity,Beitou,121.478292,25.13619,1777
147,TaipeiCity,Zhongzheng,121.51488,25.03407,14
148,TaipeiCity,Neihu,121.601662,25.08592,1050
149,TaipeiCity,Zhongshan,121.526142,25.078575,1667
150,TaipeiCity,Zhongzheng,121.511507,25.047583,3523
151,TaipeiCity,Zhongshan,121.521782,25.065325,274
152,TaipeiCity,Shilin,121.524926,25.089562,3469
153,TaipeiCity,Zhongzheng,121.517404,25.039158,122
154,TaipeiCity,Daan,121.549301,25.024911,0
155,TaipeiCity,Neihu,121.568393,25.087603,10147
156,TaipeiCity,Daan,121.527861,25.023765,1721
157,TaipeiCity,Zhongshan,121.524401,25.072378,96
158,TaipeiCity,Shilin,121.577094,25.115364,15337
159,TaipeiCity,Zhongzheng,121.515266,25.035201,95
160,TaipeiCity,Songshan,121.565438,25.071846,5389
161,TaipeiCity,Beitou,121.538373,25.154642,18204
162,TaipeiCity,Neihu,121.600517,25.077111,4884
163,TaipeiCity,Songshan,121.548647,25.051838,0
164,TaipeiCity,Shilin,121.539659,25.137431,33978
165,TaipeiCity,Shilin,121.546321,25.094283,816
166,TaipeiCity,Wenshan,121.568263,24.971004,113
167,TaipeiCity,Zhongzheng,121.5324,25.010602,98399
168,TaipeiCity,Zhongshan,121.52194,25.05579,8550
169,TaipeiCity,Songshan,121.546673,25.061484,1289
170,TaipeiCity,Neihu,121.57516,25.07819,0
171,TaipeiCity,Zhongshan,121.529206,25.052894,396
172,TaipeiCity,Shilin,121.57409,25.167169,34978
173,TaipeiCity,Wenshan,121.594289,24.969071,533
174,TaipeiCity,Wanhua,121.499965,25.036794,787
175,TaipeiCity,Neihu,121.591965,25.088918,4235
176,TaipeiCity,Datong,121.50708,25.054116,1891
177,TaipeiCity,Zhongshan,121.524545,25.070757,8175
178,TaipeiCity,Zhongshan,121.520478,25.070172,90136
179,TaipeiCity,Songshan,121.551513,25.063666,33613
180,TaipeiCity,Shilin,121.52416,25.097456,11406
181,TaipeiCity,Zhongzheng,121.523642,25.042389,452
182,TaipeiCity,Shilin,121.514611,25.094001,90791
183,TaipeiCity,Wanhua,121.496271,25.03378,58
184,TaipeiCity,Daan,121.532554,25.027975,2687
185,TaipeiCity,Zhongzheng,121.520489,25.021138,35761
186,TaipeiCity,Wanhua,121.498018,25.032684,2412
187,TaipeiCity,Daan,121.557335,25.016909,20072
188,TaipeiCity,Wanhua,121.498205,25.032339,83
189,TaipeiCity,Songshan,121.549569,25.051345,16698
190,TaipeiCity,Datong,121.514595,25.053871,1276
191,TaipeiCity,Beitou,121.54059,25.16292,10068
192,TaipeiCity,Zhongzheng,121.524678,25.045479,305
193,TaipeiCity,Neihu,121.566585,25.078205,3615
194,TaipeiCity,Beitou,121.469348,25.132457,4047
195,TaipeiCity,Zhongshan,121.52603,25.075726,24
196,TaipeiCity,Zhongzheng,121.510806,25.046712,2104
197,TaipeiCity,Daan,121.531995,25.024182,1139
198,TaipeiCity,Zhongzheng,121.518901,25.039448,37
199,TaipeiCity,Zhongzheng,121.510191,25.031211,24607
200,TaipeiCity,Beitou,121.499237,25.107613,3356
201,TaipeiCity,Zhongshan,121.545307,25.083079,34993
202,TaipeiCity,Daan,121.547439,25.011661,258
203,TaipeiCity,Zhongzheng,121.510811,25.039994,6023
204,TaipeiCity,Shilin,121.526317,25.083994,72
205,TaipeiCity,Daan,121.54364,25.02055,0
206,TaipeiCity,Wenshan,121.57906,24.972926,13983
207,TaipeiCity,Zhongzheng,121.514161,25.043566,8291
208,TaipeiCity,Xinyi,121.587483,25.036519,31573
209,TaipeiCity,Wanhua,121.493488,25.038135,10077
210,TaipeiCity,Xinyi,121.5641,25.033492,159134
211,TaipeiCity,Nangang,121.59196,25.043121,1216
212,TaipeiCity,Datong,121.509084,25.0557,0
213,TaipeiCity,Daan,121.535281,25.017774,9565
214,TaipeiCity,Datong,121.510502,25.074916,2
215,TaipeiCity,Beitou,121.51506,25.149346,0
216,TaipeiCity,Wenshan,121.551488,25.000343,16973
217,TaipeiCity,Xinyi,121.565575,25.032547,284
218,TaipeiCity,Beitou,121.508675,25.137023,6373
219,TaipeiCity,Songshan,121.549643,25.063718,1090
220,TaipeiCity,Wanhua,121.508892,25.042396,15
221,TaipeiCity,Wanhua,121.507808,25.042095,0
222,TaipeiCity,Wenshan,121.549385,24.997839,1408
223,TaipeiCity,Shilin,121.51822,25.080721,3029
224,TaipeiCity,Songshan,121.57792,25.050257,8843
225,TaipeiCity,Neihu,121.590337,25.06935,4292
226,TaipeiCity,Wanhua,121.507133,25.039735,13151
227,TaipeiCity,Nangang,121.663762,25.027395,10536
228,TaipeiCity,Zhongzheng,121.511776,25.031677,0
229,TaipeiCity,Datong,121.510549,25.054862,24679
230,TaipeiCity,Shilin,121.51601,25.095988,0
231,TaipeiCity,Datong,121.520145,25.051051,169
232,TaipeiCity,Datong,121.512588,25.059526,2665
233,TaipeiCity,Daan,121.543321,25.031982,7601
234,TaipeiCity,Daan,121.534638,25.026419,0
235,TaipeiCity,Wanhua,121.506906,25.022041,95347
236,TaipeiCity,Datong,121.520145,25.051051,0
237,TaipeiCity,Datong,121.516775,25.059811,3311
238,TaipeiCity,Songshan,121.561091,25.049096,12428
239,TaipeiCity,Beitou,121.50969,25.116631,21240
240,TaipeiCity,Wenshan,121.576312,24.996084,47088
241,TaipeiCity,Songshan,121.562074,25.047158,0
242,TaipeiCity,Zhongzheng,121.516051,25.04132,5824
243,TaipeiCity,Zhongshan,121.557098,25.083576,280230
244,TaipeiCity,Zhongzheng,121.530988,25.045363,97078
245,TaipeiCity,Xinyi,121.57997,25.022963,3076
246,TaipeiCity,Zhongshan,121.524379,25.049033,8246
247,TaipeiCity,Datong,121.518733,25.049247,32
248,TaipeiCity,Songshan,121.56423,25.06012,2849
249,TaipeiCity,Beitou,121.504295,25.148927,112
250,TaipeiCity,Xinyi,121.572928,25.016211,1356
251,TaipeiCity,Beitou,121.510961,25.114405,599
252,TaipeiCity,Neihu,121.590402,25.10333,0
253,TaipeiCity,Wenshan,121.569737,24.98911,167
254,TaipeiCity,Zhongshan,121.521009,25.059183,0
255,TaipeiCity,Wanhua,121.50738,25.042618,150
256,TaipeiCity,Shilin,121.52638,25.097807,879
257,TaipeiCity,Zhongzheng,121.512715,25.044037,565
258,TaipeiCity,Zhongshan,121.526512,25.065737,2357
259,TaipeiCity,Zhongzheng,121.523026,25.017992,3112
260,TaipeiCity,Shilin,121.544918,25.136293,59
261,TaipeiCity,Beitou,121.510096,25.137931,2232
262,TaipeiCity,Nangang,121.616904,25.056899,19885
263,TaipeiCity,Wanhua,121.498908,25.02908,141
264,TaipeiCity,Datong,121.518428,25.062446,214
265,TaipeiCity,Datong,121.51628,25.065092,588
266,TaipeiCity,Datong,121.511744,25.058944,971
267,TaipeiCity,Shilin,121.532541,25.113143,43781
268,TaipeiCity,Nangang,121.622337,25.029077,8601
269,TaipeiCity,Neihu,121.575197,25.079554,0
270,TaipeiCity,Wenshan,121.540222,25.004312,0
271,TaipeiCity,Nangang,121.616904,25.056899,19885
272,TaipeiCity,Zhongzheng,121.52266,25.026545,11004
273,TaipeiCity,Nangang,121.606042,25.051814,15637
274,TaipeiCity,Nangang,121.611783,25.05784,0
275,TaipeiCity,Songshan,121.549643,25.063718,0
276,TaipeiCity,Xinyi,121.584668,25.037384,34725
277,TaipeiCity,Songshan,121.549643,25.063718,0
278,TaipeiCity,Datong,121.51628,25.065092,588
279,TaipeiCity,Daan,121.537867,25.042861,4889
280,TaipeiCity,Neihu,121.586462,25.078204,14865
281,TaipeiCity,Daan,121.539152,25.024224,1
282,TaipeiCity,Wanhua,121.500684,25.036944,0
283,TaipeiCity,Datong,121.515864,25.055511,1060
284,TaipeiCity,Neihu,121.582616,25.102921,3107
285,TaipeiCity,Daan,121.526758,25.03276,0
286,TaipeiCity,Zhongzheng,121.511118,25.032515,878
287,TaipeiCity,Xinyi,121.570103,25.030446,15934
288,TaipeiCity,Beitou,121.50219,25.108433,189
289,TaipeiCity,Wenshan,121.569737,24.99,2523
290,TaipeiCity,Neihu,121.603987,25.060639,309
291,TaipeiCity,Shilin,121.570813,25.129125,393
292,TaipeiCity,Shilin,121.531838,25.10214,2099
293,TaipeiCity,Wenshan,121.53622,24.995279,7
294,TaipeiCity,Datong,121.509986,25.054789,448
295,TaipeiCity,Zhongshan,121.525574,25.067017,3088
296,TaipeiCity,Beitou,121.539006,25.169248,992
297,TaipeiCity,Neihu,121.580035,25.080995,1385
298,TaipeiCity,Zhongshan,121.539171,25.063604,324
299,TaipeiCity,Beitou,121.539853,25.159194,539
300,TaipeiCity,Daan,121.544637,25.024624,27121
301,TaipeiCity,Zhongshan,121.520869,25.072491,4321
302,TaipeiCity,Daan,121.524964,25.030363,5
303,TaipeiCity,Beitou,121.495846,25.122771,48631
304,TaipeiCity,Zhongshan,121.55052,25.081814,2370
305,TaipeiCity,Wanhua,121.495628,25.036329,29
306,TaipeiCity,Nangang,121.596855,25.053455,627
307,TaipeiCity,Datong,121.512183,25.060246,19497
308,TaipeiCity,Zhongzheng,121.512333,25.031779,2277
309,TaipeiCity,Nangang,121.606045,25.051801,86
310,TaipeiCity,Wenshan,121.568527,25.004011,463
311,TaipeiCity,Datong,121.510181,25.049556,1988
312,TaipeiCity,Xinyi,121.560089,25.032323,680
313,TaipeiCity,Nangang,121.615468,25.058038,34
314,TaipeiCity,Wenshan,121.554534,25.016763,7947
315,TaipeiCity,Daan,121.55378,25.034497,2171
316,TaipeiCity,Zhongshan,121.54222,25.053505,503
317,TaipeiCity,Datong,121.509994,25.054813,69
318,TaipeiCity,Wenshan,121.550512,25.005924,0
319,TaipeiCity,Shilin,121.547019,25.099975,2248
320,NewTaipei,Bali,121.43382,25.15887,948
321,NewTaipei,Bali,121.39665,25.14362,18750
322,NewTaipei,Bali,121.43226,25.14349,0
323,NewTaipei,Bali,121.43028,25.16072,1180
324,NewTaipei,Linkou,121.36372,25.07108,50961
325,NewTaipei,Tamsui,121.43077,25.17822,262
326,NewTaipei,Shuangxi,121.87625,25.02089,664
327,NewTaipei,Ruifang,121.84381,25.10816,186060
328,NewTaipei,Ruifang,121.84423,25.11149,662
329,NewTaipei,Ruifang,121.84231,25.10794,3
330,NewTaipei,Ruifang,121.84371,25.10662,6027
331,NewTaipei,Ruifang,121.84345,25.10981,684
332,NewTaipei,Luzhou,121.46641,25.07932,10
333,NewTaipei,Pinglin,121.66281,24.87866,661
334,NewTaipei,Yonghe,121.50794,24.99984,0
335,NewTaipei,Xindian,121.49556,24.94401,5006
336,NewTaipei,Yingge,121.36251,24.95944,1
337,NewTaipei,Luzhou,121.47021,25.06688,2247
338,NewTaipei,Shiding,121.63869,24.95737,74
339,NewTaipei,Shiding,121.62386,24.95682,1829
340,NewTaipei,Sanzhi,121.50081,25.25868,8
341,NewTaipei,Zhonghe,121.51172,25.00136,14773
342,NewTaipei,Sanzhi,121.49961,25.27357,2731
343,NewTaipei,Bali,121.43471,25.15844,15727
344,NewTaipei,Bali,121.43369,25.15137,10423
345,NewTaipei,Bali,121.42673,25.16216,53405
346,NewTaipei,Bali,121.42275,25.16372,898
347,NewTaipei,Bali,121.40311,25.14931,4757
348,NewTaipei,Bali,121.43562,25.15906,311259
349,NewTaipei,Sanzhi,121.49751,25.25675,220
350,NewTaipei,Sanzhi,121.53926,25.21453,0
351,NewTaipei,Ruifang,121.84527,25.11025,290
352,NewTaipei,Zhonghe,121.49754,24.99553,5661
353,NewTaipei,Shimen,121.57457,25.22701,435
354,NewTaipei,Bali,121.41261,25.16391,16293
355,NewTaipei,Bali,121.40279,25.15454,118553
356,NewTaipei,Shuangxi,121.85437,25.08056,177
357,NewTaipei,Pingxi,121.77655,25.04259,172437
358,NewTaipei,Pingxi,121.77516,25.04115,70492
359,NewTaipei,Pingxi,121.78293,25.04738,223
360,NewTaipei,Pingxi,121.78702,25.04861,1492
361,NewTaipei,Shiding,121.67503,25.01336,916
362,NewTaipei,Shulin,121.40027,25.00558,313
363,NewTaipei,Tamsui,121.44077,25.16966,43
364,NewTaipei,Sanchong,121.50052,25.06577,90365
365,NewTaipei,Shuangxi,121.86478,25.03476,1214
366,NewTaipei,Sanzhi,121.51802,25.20721,2
367,NewTaipei,Sanzhi,121.51064,25.28345,1535
368,NewTaipei,Sanzhi,121.50889,25.25159,200
369,NewTaipei,Sanzhi,121.50776,25.24896,1825
370,NewTaipei,Sanchong,121.48599,25.07182,18
371,NewTaipei,Sanchong,121.48878,25.05355,9983
372,NewTaipei,Sanchong,121.47596,25.05051,7031
373,NewTaipei,Sanchong,121.48978,25.06291,265
374,NewTaipei,Ruifang,121.83093,25.10168,42
375,NewTaipei,Sanxia,121.36666,24.93333,0
376,NewTaipei,Sanxia,121.37013,24.92721,803
377,NewTaipei,Sanxia,121.36868,24.93182,713823
378,NewTaipei,Sanxia,121.40904,24.93095,2108
379,NewTaipei,Sanxia,121.37367,24.93488,121
380,NewTaipei,Sanxia,121.36911,24.93307,1506
381,NewTaipei,Sanxia,121.37037,24.93379,89705
382,NewTaipei,Sanxia,121.42208,24.90879,4044
383,NewTaipei,Sanxia,121.36941,24.91923,0
384,NewTaipei,Sanxia,121.36934,24.93445,2801
385,NewTaipei,Sanxia,121.36951,24.93354,828
386,NewTaipei,Gongliao,122.00191,25.00749,57038
387,NewTaipei,Ruifang,121.82256,25.06554,11469
388,NewTaipei,Xizhi,121.62261,25.05346,10
389,NewTaipei,Yingge,121.35434,24.95189,1997
390,NewTaipei,Yingge,121.35979,24.95356,21013
391,NewTaipei,Taishan,121.43201,25.05979,138
392,NewTaipei,Sanxia,121.45019,24.84479,13238
393,NewTaipei,Tucheng,121.44347,24.95924,40486
394,NewTaipei,Tucheng,121.42936,24.95433,92
395,NewTaipei,Tucheng,121.44298,24.97354,0
396,NewTaipei,Tucheng,121.44697,24.97028,0
397,NewTaipei,Tucheng,121.44324,24.96709,0
398,NewTaipei,Tucheng,121.44667,24.94222,1749
399,NewTaipei,Tucheng,121.45704,24.97728,77
400,NewTaipei,Tucheng,121.44276,24.97131,1018
401,NewTaipei,Shenkeng,121.61494,25.00173,108
402,NewTaipei,Wulai,121.55833,24.85111,19
403,NewTaipei,Sanzhi,121.53193,25.18536,39
404,NewTaipei,Shulin,121.40125,25.00626,25801
405,NewTaipei,Shulin,121.40613,24.97814,12
406,NewTaipei,Xizhi,121.66901,25.05168,27399
407,NewTaipei,Sanchong,121.49604,25.07172,279
408,NewTaipei,Xindian,121.53981,24.97427,337
409,NewTaipei,Sanxia,121.40409,24.86803,1
410,NewTaipei,Xindian,121.55983,24.96097,233
411,NewTaipei,Bali,121.41938,25.16033,9612
412,NewTaipei,Shulin,121.39892,24.99828,170
413,NewTaipei,Pingxi,121.79754,25.04991,368
414,NewTaipei,Pingxi,121.80194,25.05345,92
415,NewTaipei,Shulin,121.45176,25.01075,3354
416,NewTaipei,Sanchong,121.47776,25.05668,68064
417,NewTaipei,Wulai,121.50003,24.77972,587
418,NewTaipei,Banqiao,121.45586,25.01144,547
419,NewTaipei,Tamsui,121.43642,25.17407,29991
420,NewTaipei,Xindian,121.53468,24.95743,17
421,NewTaipei,Ruifang,121.84585,25.10002,51
422,NewTaipei,Ruifang,121.83774,25.10383,184
423,NewTaipei,Shulin,121.39389,24.97181,1076
424,NewTaipei,Ruifang,121.84802,25.11208,24
425,NewTaipei,Shulin,121.38511,24.96897,10126
426,NewTaipei,Shulin,121.45114,25.00874,567
427,NewTaipei,Banqiao,121.47553,25.02182,0
428,NewTaipei,Ruifang,121.86119,25.12248,2745
429,NewTaipei,Taishan,121.41704,25.05566,0
430,NewTaipei,Tamsui,121.45538,25.19994,963
431,NewTaipei,Shuangxi,121.84752,25.08941,75869
432,NewTaipei,Sanchong,121.49221,25.06075,9778
433,NewTaipei,Jinshan,121.63347,25.23913,116
434,NewTaipei,Zhonghe,121.51627,24.98808,135
435,NewTaipei,Zhonghe,121.49271,25.00025,70
436,NewTaipei,Zhonghe,121.48332,25.00285,974
437,NewTaipei,Zhonghe,121.50662,25.00468,0
438,NewTaipei,Zhonghe,121.49845,24.97468,753
439,NewTaipei,Zhonghe,121.49601,24.97806,11
440,NewTaipei,Zhonghe,121.49695,24.97832,420
441,NewTaipei,Zhonghe,121.47768,25.01057,39
442,NewTaipei,Zhonghe,121.49028,24.98251,277
443,NewTaipei,Zhonghe,121.47181,24.99838,4670
444,NewTaipei,Zhonghe,121.46681,24.99814,4
445,NewTaipei,Zhonghe,121.49385,24.99751,112
446,NewTaipei,Zhonghe,121.50108,25.00144,832
447,NewTaipei,Zhonghe,121.50129,25.00062,0
448,NewTaipei,Zhonghe,121.49942,24.98684,387
449,NewTaipei,Zhonghe,121.48235,25.00751,1
450,NewTaipei,Zhonghe,121.48256,25.01219,419
451,NewTaipei,Zhonghe,121.51373,24.99858,0
452,NewTaipei,Yonghe,121.51731,25.01191,2736
453,NewTaipei,Zhonghe,121.49984,24.99292,105
454,NewTaipei,Wugu,121.42712,25.07062,0
455,NewTaipei,Wugu,121.41927,25.09637,38
456,NewTaipei,Wugu,121.44842,25.10351,146
457,NewTaipei,Wugu,121.43196,25.08485,2905
458,NewTaipei,Wugu,121.45741,25.09824,110
459,NewTaipei,Luzhou,121.45741,25.09823,167
460,NewTaipei,Tucheng,121.46611,24.95138,423
461,NewTaipei,Xizhi,121.60754,25.12911,24478
462,NewTaipei,Wulai,121.51458,24.81981,509
463,NewTaipei,Ruifang,121.84199,25.10711,24
464,NewTaipei,Sanxia,121.36531,24.87731,4351
465,NewTaipei,Xindian,121.50475,24.94134,23351
466,NewTaipei,Wulai,121.52844,24.82524,67142
467,NewTaipei,Tamsui,121.42821,25.18946,1319
468,NewTaipei,Tamsui,121.44394,25.19051,20
469,NewTaipei,Sanzhi,121.52075,25.19091,928
470,NewTaipei,Tucheng,121.45966,24.95034,443
471,NewTaipei,Pinglin,121.69371,24.91252,7
472,NewTaipei,Xizhi,121.66315,25.05275,0
473,NewTaipei,Wanli,121.65102,25.17511,11135
474,NewTaipei,Shenkeng,121.60674,24.99797,1698
475,NewTaipei,Xindian,121.53303,24.95915,12495
476,NewTaipei,Xizhi,121.64267,25.10044,0
477,NewTaipei,Sanchong,121.47445,25.07211,0
478,NewTaipei,Wulai,121.55005,24.84695,0
479,NewTaipei,Sanchong,121.49343,25.08101,0
480,NewTaipei,Xindian,121.53941,24.93333,40403
481,NewTaipei,Xinzhuang,121.45494,25.03446,6062
482,NewTaipei,Luzhou,121.47376,25.07784,22
483,NewTaipei,Xindian,121.48256,24.94926,348
484,NewTaipei,Shiding,121.65185,25.00684,52
485,NewTaipei,Sanzhi,121.52925,25.22606,2570
486,NewTaipei,Sanzhi,121.50502,25.27503,1067
487,NewTaipei,Jinshan,121.64249,25.22103,7931
488,NewTaipei,Xindian,121.53333,24.95001,0
489,NewTaipei,Pinglin,121.70982,24.93568,35
490,NewTaipei,Zhonghe,121.48141,25.00985,0
491,NewTaipei,Ruifang,121.86119,25.12248,1234
492,NewTaipei,Ruifang,121.86442,25.11862,863
493,NewTaipei,Xindian,121.55407,24.90465,0
494,NewTaipei,Sanxia,121.42623,24.89654,683
495,NewTaipei,Tucheng,121.42366,24.95601,1525
496,NewTaipei,Tamsui,121.41593,25.18212,37721
497,NewTaipei,Yonghe,121.50715,25.00751,444
498,NewTaipei,Wulai,121.54454,24.87416,321
499,NewTaipei,Sanxia,121.37943,24.94796,6446
500,NewTaipei,Shimen,121.56765,25.29127,160
501,NewTaipei,Shimen,121.60329,25.27167,488
502,NewTaipei,Shulin,121.38444,24.95731,0
503,NewTaipei,Tamsui,121.47463,25.19252,871
504,NewTaipei,Bali,121.43586,25.12746,488
505,NewTaipei,Gongliao,121.99015,25.01193,0
506,NewTaipei,Gongliao,121.99164,25.01178,5034
507,NewTaipei,Gongliao,121.99152,25.01255,211
508,NewTaipei,Shulin,121.41941,24.97936,0
509,NewTaipei,Yingge,121.35886,24.95696,0
510,NewTaipei,Ruifang,121.84271,25.11008,0
511,NewTaipei,Zhonghe,121.47897,25.00828,0
512,NewTaipei,Tamsui,121.45512,25.19861,883
513,NewTaipei,Shulin,121.40312,24.95593,0
514,NewTaipei,Sanxia,121.43459,24.90957,920
515,NewTaipei,Sanxia,121.46188,24.87834,35388
516,NewTaipei,Ruifang,121.76188,25.10275,7389
517,NewTaipei,Ruifang,121.78319,25.11651,90
518,NewTaipei,Pingxi,121.78402,25.04697,2246
519,NewTaipei,Zhonghe,121.50484,24.98893,2545
520,NewTaipei,Bali,121.43151,25.16135,4479
521,NewTaipei,Bali,121.43001,25.16083,3246
522,NewTaipei,Bali,121.42556,25.16234,98
523,NewTaipei,Tamsui,121.43996,25.17151,0
524,NewTaipei,Shuangxi,121.85361,25.03675,11480
525,NewTaipei,Pingxi,121.73849,25.02632,215
526,NewTaipei,Pingxi,121.72251,25.02333,529
527,NewTaipei,Pingxi,121.73871,25.02464,3
528,NewTaipei,Pingxi,121.73882,25.02531,0
529,NewTaipei,Pingxi,121.74002,25.02565,44495
530,NewTaipei,Pingxi,121.73766,25.02551,8
531,NewTaipei,Pingxi,121.74656,25.00209,84
532,NewTaipei,Pingxi,121.73851,25.02597,207
533,NewTaipei,Pingxi,121.72108,25.02038,0
534,NewTaipei,Zhonghe,121.47415,25.00354,335
535,NewTaipei,Shenkeng,121.61098,25.00123,1217
536,NewTaipei,Yonghe,121.50701,25.01114,110
537,NewTaipei,Banqiao,121.45627,24.99726,1409
538,NewTaipei,Shimen,121.52962,25.27476,9927
539,NewTaipei,Zhonghe,121.49471,24.97849,712
540,NewTaipei,Xizhi,121.65202,25.04124,109
541,NewTaipei,Sanxia,121.40246,24.88937,11149
542,NewTaipei,Sanxia,121.40183,24.90511,6556
543,NewTaipei,Tucheng,121.43024,24.94392,180
544,NewTaipei,Shimen,121.55291,25.27467,0
545,NewTaipei,Shimen,121.53415,25.28849,133
546,NewTaipei,Shimen,121.56885,25.29628,100298
547,NewTaipei,Shimen,121.59126,25.29069,1730
548,NewTaipei,Shimen,121.54404,25.29054,117
549,NewTaipei,Xizhi,121.68965,25.06776,77
550,NewTaipei,Shimen,121.53111,25.28783,35385
551,NewTaipei,Shimen,121.57139,25.26861,14
552,NewTaipei,Pingxi,121.72204,25.02923,564
553,NewTaipei,Shiding,121.69742,25.01703,76582
554,NewTaipei,Shiding,121.69331,24.95043,47
555,NewTaipei,Shiding,121.65301,24.99795,89
556,NewTaipei,Shiding,121.66111,24.99083,519
557,NewTaipei,Shiding,121.66045,24.99106,1126
558,NewTaipei,Shiding,121.64999,25.00001,11960
559,NewTaipei,Shiding,121.65641,24.99111,200
560,NewTaipei,Shiding,121.69826,25.01661,0
561,NewTaipei,Shiding,121.66051,24.99091,212
562,NewTaipei,Shiding,121.65866,24.99069,495
563,NewTaipei,Shiding,121.65974,24.99095,1950
564,NewTaipei,Shiding,121.65915,24.99072,40
565,NewTaipei,Shimen,121.56574,25.29139,6
566,NewTaipei,Tamsui,121.48651,25.19518,20
567,NewTaipei,Xindian,121.53599,24.98315,268
568,NewTaipei,Sanchong,121.47596,25.05051,15139
569,NewTaipei,Linkou,121.40011,25.08193,6972
570,NewTaipei,Ruifang,121.76357,25.10294,1971
571,NewTaipei,Shiding,121.66055,24.99094,212
572,NewTaipei,Shuangxi,121.83446,25.03241,113
573,NewTaipei,Bali,121.41355,25.15931,118
574,NewTaipei,Shimen,121.57125,25.26864,291
575,NewTaipei,Shimen,121.56469,25.24074,97
576,NewTaipei,Luzhou,121.45751,25.08571,0
577,NewTaipei,Jinshan,121.61119,25.24644,55040
578,NewTaipei,Wanli,121.69242,25.20773,16412
579,NewTaipei,Xizhi,121.66238,25.07032,3114
580,NewTaipei,Xizhi,121.63299,25.07432,9424
581,NewTaipei,Banqiao,121.46987,25.03651,859
582,NewTaipei,Banqiao,121.45387,25.00462,12
583,NewTaipei,Linkou,121.38985,25.08136,12143
584,NewTaipei,Shiding,121.65752,24.99282,1117
585,NewTaipei,Xinzhuang,121.45153,25.03339,45
586,NewTaipei,Bali,121.44552,25.14702,11553
587,NewTaipei,Xindian,121.54075,24.96791,77
588,NewTaipei,Shimen,121.57125,25.26864,0
589,NewTaipei,Shimen,121.54403,25.29054,61324
590,NewTaipei,Shimen,121.54404,25.29054,273
591,NewTaipei,Bali,121.43373,25.15951,1208
592,NewTaipei,Banqiao,121.46071,25.02421,7896
593,NewTaipei,Yingge,121.35214,24.95171,82
594,NewTaipei,Bali,121.42303,25.15009,1
595,NewTaipei,Gongliao,121.92114,25.10511,42
596,NewTaipei,Shimen,121.56729,25.26554,19
597,NewTaipei,Linkou,121.40141,25.07585,11004
598,NewTaipei,Pingxi,121.73975,25.01972,3707
599,NewTaipei,Yingge,121.32991,24.94018,2305
600,NewTaipei,Yingge,121.35646,24.95819,5648
601,NewTaipei,Xindian,121.54498,24.92346,0
602,NewTaipei,Sanzhi,121.51209,25.25553,0
603,NewTaipei,Sanxia,121.37286,24.93056,59
604,NewTaipei,Yingge,121.35327,24.95267,58
605,NewTaipei,Ruifang,121.85301,25.09363,0
606,NewTaipei,Shuangxi,121.85199,25.05877,6676
607,NewTaipei,Xizhi,121.66157,25.06175,18
608,NewTaipei,Xizhi,121.66603,25.04881,1752
609,NewTaipei,Yonghe,121.52111,24.99975,26196
610,NewTaipei,Tamsui,121.43566,25.17566,637
611,NewTaipei,Jinshan,121.62642,25.23057,219
612,NewTaipei,Sanzhi,121.47523,25.24317,68
613,NewTaipei,Tamsui,121.45925,25.14278,2
614,NewTaipei,Sanchong,121.48853,25.05799,794
615,NewTaipei,Pinglin,121.70165,24.93308,50
616,NewTaipei,Gongliao,121.91952,25.11236,14012
617,NewTaipei,Pinglin,121.70035,24.93016,40
618,NewTaipei,Pinglin,121.71337,24.93469,57
619,NewTaipei,Pinglin,121.70653,24.93619,0
620,NewTaipei,Pinglin,121.71201,24.93639,99
621,NewTaipei,Pinglin,121.71109,24.93404,58
622,NewTaipei,Pinglin,121.71186,24.93774,0
623,NewTaipei,Pinglin,121.71272,24.93707,14
624,NewTaipei,Pinglin,121.72041,24.90715,0
625,NewTaipei,Pinglin,121.70422,24.93524,69
626,NewTaipei,Pinglin,121.70458,24.93265,6681
627,NewTaipei,Tamsui,121.43492,25.17501,72
628,NewTaipei,Xindian,121.54551,24.92312,0
629,NewTaipei,Xindian,121.54621,24.92254,837
630,NewTaipei,Sanchong,121.48361,25.05549,78179
631,NewTaipei,Tamsui,121.47378,25.23579,472
632,NewTaipei,Banqiao,121.45961,25.00938,24051
633,NewTaipei,Xizhi,121.65896,25.06847,1351
634,NewTaipei,Luzhou,121.46111,25.08137,1467
635,NewTaipei,Shenkeng,121.61271,25.00122,0
636,NewTaipei,Tamsui,121.46523,25.17746,444
637,NewTaipei,Tucheng,121.44671,24.95037,72415
638,NewTaipei,Zhonghe,121.49861,25.00219,50
639,NewTaipei,Ruifang,121.84363,25.10907,24115
640,NewTaipei,Taishan,121.42678,25.04682,267
641,NewTaipei,Xizhi,121.65621,25.06775,0
642,NewTaipei,Gongliao,121.94363,25.01824,1292
643,NewTaipei,Shulin,121.39932,24.95851,0
644,NewTaipei,Xindian,121.54328,24.95905,71
645,NewTaipei,Wanli,121.69291,25.20307,366
646,NewTaipei,Gongliao,121.95038,25.02048,7338
647,NewTaipei,Bali,121.40264,25.14453,12
648,NewTaipei,Banqiao,121.45421,25.02317,4599
649,NewTaipei,Banqiao,121.46337,25.01433,16
650,NewTaipei,Banqiao,121.47097,25.03023,6822
651,NewTaipei,Banqiao,121.46396,25.01417,88996
652,NewTaipei,Banqiao,121.46889,25.02188,4816
653,NewTaipei,Banqiao,121.46065,25.00873,102714
654,NewTaipei,Banqiao,121.45655,25.01323,111688
655,NewTaipei,Banqiao,121.45383,25.00716,8502
656,NewTaipei,Banqiao,121.45743,25.00941,46405
657,NewTaipei,Banqiao,121.46351,25.01391,1144
658,NewTaipei,Banqiao,121.46121,25.01292,9128
659,NewTaipei,Banqiao,121.47097,25.03023,1032
660,NewTaipei,Zhonghe,121.50101,25.00051,641
661,NewTaipei,Banqiao,121.45826,25.01084,8
662,NewTaipei,Linkou,121.38532,25.11342,476
663,NewTaipei,Linkou,121.37739,25.07207,401
664,NewTaipei,Linkou,121.37597,25.07423,0
665,NewTaipei,Banqiao,121.45461,25.01112,1155
666,NewTaipei,Luzhou,121.46977,25.08852,2127
667,NewTaipei,Xinzhuang,121.45096,25.03341,0
668,NewTaipei,Shuangxi,121.86456,25.03461,16
669,NewTaipei,Wanli,121.69091,25.20721,420417
670,NewTaipei,Xinzhuang,121.45016,25.03362,1185
671,NewTaipei,Jinshan,121.61489,25.23988,68301
672,NewTaipei,Xindian,121.56798,24.92113,40
673,NewTaipei,Xindian,121.53178,24.93781,152
674,NewTaipei,Xindian,121.53555,24.94087,4149
675,NewTaipei,Xindian,121.53198,24.92668,58
676,NewTaipei,Sanchong,121.49949,25.05773,3644
677,NewTaipei,Sanzhi,121.51158,25.25624,3788
678,NewTaipei,Xindian,121.55231,24.93451,19974
679,NewTaipei,Gongliao,121.92594,24.98061,24098
680,NewTaipei,Shuangxi,121.84478,24.98721,7591
681,NewTaipei,Pinglin,121.73946,24.94828,50
682,NewTaipei,Pinglin,121.74078,24.95038,226
683,NewTaipei,Pinglin,121.74019,24.94924,17315
684,NewTaipei,Ruifang,121.83868,25.11114,2122
685,NewTaipei,Jinshan,121.64107,25.22747,93955
686,NewTaipei,Jinshan,121.64207,25.22103,68
687,NewTaipei,Jinshan,121.64467,25.22325,323
688,NewTaipei,Zhonghe,121.51405,24.98822,63
689,NewTaipei,Jinshan,121.62105,25.23011,16
690,NewTaipei,Ruifang,121.85836,25.11592,86
691,NewTaipei,Jinshan,121.59084,25.18964,2298
692,NewTaipei,Jinshan,121.63826,25.22182,4188
693,NewTaipei,Ruifang,121.85458,25.10095,1497
694,NewTaipei,Ruifang,121.85862,25.10501,2077
695,NewTaipei,Pinglin,121.71929,24.91228,1
696,NewTaipei,Pinglin,121.68116,24.91844,61
697,NewTaipei,Tamsui,121.43898,25.16991,2450
698,NewTaipei,Tucheng,121.46464,24.98607,406
699,NewTaipei,Pinglin,121.67423,24.90109,53
700,NewTaipei,Xizhi,121.63143,25.07107,3650
701,NewTaipei,Ruifang,121.86252,25.11971,493
702,NewTaipei,Sanxia,121.37108,24.93327,2352
703,NewTaipei,Xindian,121.54016,24.91192,0
704,NewTaipei,Tamsui,121.44396,25.16851,0
705,NewTaipei,Shimen,121.59009,25.25236,2108
706,NewTaipei,Shimen,121.57125,25.26864,879
707,NewTaipei,Shenkeng,121.61491,24.98361,563
708,NewTaipei,Shenkeng,121.61511,24.97549,375
709,NewTaipei,Shimen,121.55871,25.24326,0
710,NewTaipei,Ruifang,121.84141,25.11617,1810
711,NewTaipei,Xindian,121.55111,24.94583,0
712,NewTaipei,Shulin,121.40337,24.99992,0
713,NewTaipei,Luzhou,121.46767,25.08858,2156
714,NewTaipei,Luzhou,121.47127,25.08409,3680
715,NewTaipei,Pinglin,121.71156,24.93706,212
716,NewTaipei,Yonghe,121.50871,25.01312,7625
717,NewTaipei,Wulai,121.54113,24.84161,1308
718,NewTaipei,Wulai,121.52844,24.82524,219
719,NewTaipei,Pinglin,121.72733,24.96774,818
720,NewTaipei,Zhonghe,121.51222,24.98501,26
721,NewTaipei,Zhonghe,121.49932,24.97393,1688
722,NewTaipei,Shuangxi,121.86883,25.03991,0
723,NewTaipei,Banqiao,121.45737,25.00877,367
724,NewTaipei,Shulin,121.41405,25.00021,85
725,NewTaipei,Bali,121.38446,25.14089,272
726,NewTaipei,Xinzhuang,121.45428,25.03641,483
727,NewTaipei,Xizhi,121.71102,25.05224,1406
728,NewTaipei,Xindian,121.57448,24.96683,249
729,NewTaipei,Taishan,121.43201,25.05979,0
730,NewTaipei,Shulin,121.42609,24.98058,0
731,NewTaipei,Sanzhi,121.47382,25.25698,2451
732,NewTaipei,Shuangxi,121.83194,25.02941,20
733,NewTaipei,Xizhi,121.64233,25.09435,34347
734,NewTaipei,Bali,121.41781,25.16554,193
735,NewTaipei,Shuangxi,121.80464,25.01507,9
736,NewTaipei,Shulin,121.40546,24.97753,6620
737,NewTaipei,Shuangxi,121.80468,25.01412,4
738,NewTaipei,Shenkeng,121.60557,24.99031,317
739,NewTaipei,Sanxia,121.43352,24.91779,196340
740,NewTaipei,Shiding,121.67622,24.99179,1057
741,NewTaipei,Ruifang,121.85907,25.10906,1823
742,NewTaipei,Ruifang,121.84302,25.10854,1
743,NewTaipei,Tamsui,121.45878,25.15471,1
744,NewTaipei,Tamsui,121.45563,25.15685,7097
745,NewTaipei,Tamsui,121.43276,25.17538,0
746,NewTaipei,Xizhi,121.67608,25.05338,1422
747,NewTaipei,Wulai,121.55193,24.84882,570
748,NewTaipei,Sanchong,121.50206,25.08511,187
749,NewTaipei,Sanchong,121.48211,25.05086,1987
750,NewTaipei,Banqiao,121.47965,25.02811,326
751,NewTaipei,Wanli,121.65981,25.20705,3621
752,NewTaipei,Wanli,121.60281,25.13716,68563
753,NewTaipei,Wugu,121.42541,25.12761,14736
754,NewTaipei,Ruifang,121.82758,25.10614,90
755,NewTaipei,Pingxi,121.72111,25.00889,58
756,NewTaipei,Sanzhi,121.48954,25.26119,5894
757,NewTaipei,Shiding,121.62261,24.94371,595
758,NewTaipei,Taishan,121.43433,25.06189,6
759,NewTaipei,Wulai,121.53941,24.85999,2130
760,NewTaipei,Banqiao,121.43854,24.99638,63616
761,NewTaipei,Zhonghe,121.47898,25.00123,418
762,NewTaipei,Zhonghe,121.48061,25.00431,18
763,NewTaipei,Xindian,121.53377,24.95677,49
764,NewTaipei,Wulai,121.54798,24.87195,1308
765,NewTaipei,Wulai,121.55144,24.86376,136128
766,NewTaipei,Wulai,121.55255,24.86509,1284
767,NewTaipei,Wulai,121.55172,24.84851,1205
768,NewTaipei,Wulai,121.55151,24.84884,259
769,NewTaipei,Wulai,121.54034,24.88435,4790
770,NewTaipei,Wulai,121.55157,24.86088,44
771,NewTaipei,Wulai,121.55151,24.86407,2768
772,NewTaipei,Wulai,121.55166,24.86531,7473
773,NewTaipei,Wulai,121.55141,24.86359,1355
774,NewTaipei,Wulai,121.55159,24.84904,509
775,NewTaipei,Wulai,121.55126,24.84845,56
776,NewTaipei,Wulai,121.55091,24.86175,6668
777,NewTaipei,Zhonghe,121.49966,24.97191,682614
778,NewTaipei,Zhonghe,121.49555,24.96916,68
779,NewTaipei,Yingge,121.35502,24.95329,0
780,NewTaipei,Tamsui,121.47666,25.18954,102
781,NewTaipei,Ruifang,121.83261,25.10851,146
782,NewTaipei,Tamsui,121.43515,25.17693,39856
783,NewTaipei,Ruifang,121.84355,25.10822,10524
784,NewTaipei,Sanxia,121.38404,24.91236,8401
785,NewTaipei,Shuangxi,121.84641,25.03141,495
786,NewTaipei,Shiding,121.65363,25.01671,8242
787,NewTaipei,Ruifang,121.87609,25.09386,25907
788,NewTaipei,Shimen,121.60591,25.28328,7910
789,NewTaipei,Xindian,121.53672,24.95059,1782
790,NewTaipei,Zhonghe,121.51093,25.00097,53
791,NewTaipei,Xindian,121.54213,24.96877,100
792,NewTaipei,Tamsui,121.43831,25.17205,200
793,NewTaipei,Tamsui,121.43526,25.17537,108
794,NewTaipei,Tamsui,121.43077,25.17822,52
795,NewTaipei,Gongliao,122.00222,25.01456,4230
796,NewTaipei,Gongliao,121.99923,25.01642,3418
797,NewTaipei,Wulai,121.55157,24.86088,3
798,NewTaipei,Bali,121.40275,25.15723,122
799,NewTaipei,Wanli,121.66538,25.20124,128
800,NewTaipei,Ruifang,121.85863,25.11046,208
801,NewTaipei,Ruifang,121.84339,25.10816,211
802,NewTaipei,Ruifang,121.84916,25.11901,2964
803,NewTaipei,Ruifang,121.84625,25.12452,274
804,NewTaipei,Bali,121.41781,25.16554,6656
805,NewTaipei,Banqiao,121.45442,25.00888,1493
806,NewTaipei,Pingxi,121.76375,25.03449,1652
807,NewTaipei,Wulai,121.61361,24.84457,2653
808,NewTaipei,Wulai,121.61202,24.84498,3181
809,NewTaipei,Xindian,121.54558,24.91982,1605
810,NewTaipei,Tamsui,121.44121,25.16953,11
811,NewTaipei,Tamsui,121.43077,25.17822,20
812,NewTaipei,Tamsui,121.44697,25.16601,19498
813,NewTaipei,Tamsui,121.43988,25.17077,0
814,NewTaipei,Tamsui,121.43679,25.17273,85
815,NewTaipei,Tamsui,121.43592,25.17696,31038
816,NewTaipei,Tamsui,121.44153,25.16961,82166
817,NewTaipei,Luzhou,121.47546,25.09791,2651
818,NewTaipei,Tamsui,121.44371,25.16785,122092
819,NewTaipei,Tamsui,121.43294,25.17537,50458
820,NewTaipei,Tamsui,121.43941,25.17123,9427
821,NewTaipei,Tamsui,121.44931,25.16462,22
822,NewTaipei,Tamsui,121.43862,25.17109,323
823,NewTaipei,Tamsui,121.43175,25.17451,8550
824,NewTaipei,Tamsui,121.45421,25.18738,10914
825,NewTaipei,Tamsui,121.44115,25.17354,4288
826,NewTaipei,Tamsui,121.44171,25.16994,0
827,NewTaipei,Tamsui,121.43881,25.17003,803
828,NewTaipei,Tamsui,121.43971,25.17008,1036
829,NewTaipei,Tamsui,121.43805,25.17201,1090
830,NewTaipei,Tamsui,121.43476,25.17324,144
831,NewTaipei,Tamsui,121.43995,25.17021,166
832,NewTaipei,Tamsui,121.44214,25.17011,2215
833,NewTaipei,Tamsui,121.43844,25.17201,4737
834,NewTaipei,Tamsui,121.43744,25.17225,5430
835,NewTaipei,Tamsui,121.45042,25.17621,148
836,NewTaipei,Shenkeng,121.61417,25.00143,44940
837,NewTaipei,Shenkeng,121.61688,25.00165,3720
838,NewTaipei,Shenkeng,121.61344,25.00122,10
839,NewTaipei,Shenkeng,121.61286,24.99901,766
840,NewTaipei,Shenkeng,121.61267,25.00079,39
841,NewTaipei,Ruifang,121.82085,25.13202,57868
842,NewTaipei,Sanzhi,121.46991,25.25147,8754
843,NewTaipei,Tamsui,121.44104,25.17028,17443
844,NewTaipei,Tamsui,121.43449,25.17603,3139
845,NewTaipei,Wugu,121.45661,25.09816,0
846,NewTaipei,Pingxi,121.78461,25.04906,541
847,NewTaipei,Pinglin,121.74992,24.95286,205
848,NewTaipei,Wanli,121.65969,25.16965,18
849,NewTaipei,Pinglin,121.72134,24.95984,50
850,NewTaipei,Sanchong,121.47214,25.06407,128
851,NewTaipei,Shuangxi,121.84689,25.03113,495
852,NewTaipei,Yingge,121.35282,24.94742,0
853,NewTaipei,Taishan,121.43176,25.06051,0
854,NewTaipei,Yingge,121.34781,24.95093,3404
855,NewTaipei,Shuangxi,121.83951,25.03361,271
856,NewTaipei,Taishan,121.43201,25.05979,0
857,NewTaipei,Shuangxi,121.86171,25.03599,73
858,NewTaipei,Wanli,121.69091,25.20721,420417
859,NewTaipei,Wanli,121.69136,25.20518,51276
860,NewTaipei,Wanli,121.68832,25.20527,439
861,NewTaipei,Wanli,121.69729,25.21414,2318
862,NewTaipei,Ruifang,121.86373,25.12282,42346
863,NewTaipei,Shenkeng,121.62771,25.00354,34
864,NewTaipei,Xindian,121.52497,24.96118,0
865,NewTaipei,Yingge,121.34954,24.95156,0
866,NewTaipei,Yingge,121.35003,24.95123,331
867,NewTaipei,Taishan,121.42383,25.04366,13
868,NewTaipei,Shulin,121.45114,25.00874,228
869,NewTaipei,Shulin,121.39168,24.96295,50
870,NewTaipei,Wanli,121.61493,25.16707,93
871,NewTaipei,Sanxia,121.39095,24.88956,0
872,NewTaipei,Xizhi,121.66577,25.03016,0
873,NewTaipei,Shulin,121.40581,24.99106,0
874,NewTaipei,Yonghe,121.51781,25.01584,0
875,NewTaipei,Wanli,121.61853,25.15355,596
876,NewTaipei,Shimen,121.53531,25.29261,35254
877,NewTaipei,Shimen,121.53681,25.29552,2100
878,NewTaipei,Shimen,121.54023,25.29031,4639
879,NewTaipei,Shimen,121.53806,25.29833,1919
880,NewTaipei,Shimen,121.53658,25.29842,52409
881,NewTaipei,Sanzhi,121.53967,25.23841,2294
882,NewTaipei,Ruifang,121.84303,25.10931,0
883,NewTaipei,Zhonghe,121.50221,24.99122,602
884,NewTaipei,Tamsui,121.44266,25.16979,0
885,NewTaipei,Ruifang,121.82595,25.07865,0
886,NewTaipei,Sanxia,121.45262,24.79201,0
887,NewTaipei,Taishan,121.43053,25.05851,6
888,NewTaipei,Pingxi,121.73727,25.02001,500
889,NewTaipei,Ruifang,121.85861,25.11436,3692
890,NewTaipei,Sanzhi,121.50341,25.25688,211
891,NewTaipei,Sanzhi,121.47911,25.25704,173
892,NewTaipei,Wulai,121.55152,24.86265,121
893,NewTaipei,Sanxia,121.38199,24.87569,916
894,NewTaipei,Sanxia,121.40553,24.87178,0
895,NewTaipei,Luzhou,121.47135,25.08326,837
896,NewTaipei,Banqiao,121.45059,24.99769,247
897,NewTaipei,Ruifang,121.86201,25.10952,20893
898,NewTaipei,Tamsui,121.48609,25.18566,2114
899,NewTaipei,Ruifang,121.82721,25.08704,0
900,NewTaipei,Ruifang,121.83013,25.08871,20
901,NewTaipei,Ruifang,121.82815,25.08555,549
902,NewTaipei,Ruifang,121.82721,25.08704,2936
903,NewTaipei,Ruifang,121.82988,25.08834,1608
904,NewTaipei,Ruifang,121.83347,25.09595,5883
905,NewTaipei,Ruifang,121.82784,25.08684,21752
906,NewTaipei,Ruifang,121.83141,25.09186,105
907,NewTaipei,Ruifang,121.82681,25.08721,141177
908,NewTaipei,Ruifang,121.82692,25.08713,198
909,NewTaipei,Wugu,121.42422,25.12847,73361
910,NewTaipei,Shiding,121.63446,24.97499,1056
911,NewTaipei,Luzhou,121.47361,25.08392,63
912,NewTaipei,Pingxi,121.71471,25.02071,0
913,NewTaipei,Pingxi,121.72329,25.02378,124981
914,NewTaipei,Pingxi,121.72372,25.02388,76062
915,NewTaipei,Pingxi,121.72316,25.02419,8
916,NewTaipei,Pingxi,121.72479,25.02391,295
917,NewTaipei,Pingxi,121.72343,25.02381,1506
918,NewTaipei,Zhonghe,121.50821,24.98381,5269
919,NewTaipei,Xindian,121.53883,24.95216,45
920,NewTaipei,Ruifang,121.84582,25.10803,302
921,NewTaipei,Bali,121.43385,25.15816,179
922,NewTaipei,Xindian,121.53333,24.95001,23091
923,NewTaipei,Gongliao,121.92504,24.98846,0
924,NewTaipei,Wulai,121.55129,24.84883,21792
925,NewTaipei,Tamsui,121.42939,25.17922,13142
926,NewTaipei,Sanxia,121.46107,24.84191,7517
927,NewTaipei,Yingge,121.36394,24.95636,0
928,NewTaipei,Ruifang,121.86139,25.11755,0
929,NewTaipei,Shenkeng,121.61641,24.99551,0
930,NewTaipei,Sanxia,121.36555,24.87694,0
931,NewTaipei,Sanzhi,121.51609,25.26471,93
932,NewTaipei,Zhonghe,121.49279,24.98236,2789
933,NewTaipei,Tucheng,121.40885,24.95099,137
934,NewTaipei,Luzhou,121.45641,25.09191,37693
935,NewTaipei,Ruifang,121.84426,25.10921,171
936,NewTaipei,Pingxi,121.73861,25.01891,1614
937,NewTaipei,Xindian,121.53978,24.96039,0
938,NewTaipei,Xizhi,121.66411,25.05885,1245
939,NewTaipei,Jinshan,121.64027,25.22092,10514
940,NewTaipei,Shimen,121.59122,25.27185,664
941,NewTaipei,Xizhi,121.63345,25.12993,0
942,NewTaipei,Xizhi,121.64258,25.10087,0
943,NewTaipei,Xizhi,121.63594,25.12819,11369
944,NewTaipei,Banqiao,121.45144,25.02995,29183
945,NewTaipei,Bali,121.40507,25.15683,118553
946,NewTaipei,Banqiao,121.46907,25.01055,17243
947,NewTaipei,Tamsui,121.43131,25.17872,108
948,NewTaipei,Ruifang,121.85938,25.10631,81403
949,NewTaipei,Sanchong,121.49599,25.06601,14669
950,NewTaipei,Yingge,121.35241,24.94954,213575
951,NewTaipei,Shiding,121.65791,24.99149,0
952,NewTaipei,Pinglin,121.71249,24.93442,35802
953,NewTaipei,Tamsui,121.42828,25.17897,728
954,NewTaipei,Sanxia,121.35977,24.94174,12261
955,NewTaipei,Banqiao,121.46557,25.01233,322726
956,NewTaipei,Banqiao,121.46557,25.01233,10
957,NewTaipei,Shulin,121.40953,25.01347,4779
958,NewTaipei,Wulai,121.54334,24.85989,0
959,NewTaipei,Banqiao,121.47233,25.02611,28484
960,NewTaipei,Sanzhi,121.46416,25.24465,88
961,NewTaipei,Xindian,121.54213,24.96877,0
962,NewTaipei,Xindian,121.53746,24.95401,52
963,NewTaipei,Xindian,121.51673,24.96386,0
964,NewTaipei,Xindian,121.53758,24.95785,945
965,NewTaipei,Xindian,121.53676,24.95108,6185
966,NewTaipei,Xindian,121.53704,24.95762,563
967,NewTaipei,Xindian,121.53333,24.95001,0
968,NewTaipei,Xindian,121.50854,24.95857,0
969,NewTaipei,Xindian,121.53949,24.91267,138
970,NewTaipei,Xinzhuang,121.45966,25.03806,0
971,NewTaipei,Xinzhuang,121.45288,25.03438,594
972,NewTaipei,Xinzhuang,121.45478,25.03524,23
973,NewTaipei,Xinzhuang,121.45069,25.03391,0
974,NewTaipei,Xinzhuang,121.45526,25.03561,545
975,NewTaipei,Sanzhi,121.50904,25.24926,11
976,NewTaipei,Wugu,121.43731,25.07353,171
977,NewTaipei,Taishan,121.43181,25.05994,118
978,NewTaipei,Tucheng,121.45179,25.01014,10
979,NewTaipei,Sanchong,121.48944,25.05497,0
980,NewTaipei,Wanli,121.70592,25.17512,11201
981,NewTaipei,Pinglin,121.71806,24.97501,184
982,NewTaipei,Xindian,121.49139,24.90453,4687
983,NewTaipei,Xindian,121.54834,24.95622,302
984,NewTaipei,Jinshan,121.65121,25.22705,16791
985,NewTaipei,Ruifang,121.82433,25.08061,79
986,NewTaipei,Ruifang,121.82751,25.08651,493
987,NewTaipei,Ruifang,121.80609,25.10872,3357
988,NewTaipei,Ruifang,121.80623,25.10871,0
989,NewTaipei,Ruifang,121.84345,25.10981,0
990,NewTaipei,Ruifang,121.82321,25.10989,1647
991,NewTaipei,Ruifang,121.80872,25.10327,486
992,NewTaipei,Jinshan,121.60174,25.24814,1519
993,NewTaipei,Sanchong,121.48383,25.07621,167
994,NewTaipei,Tucheng,121.44231,24.96473,97
995,NewTaipei,Taishan,121.32419,25.05011,62
996,NewTaipei,Ruifang,121.84418,25.10792,0
997,NewTaipei,Shimen,121.55126,25.27534,378
998,NewTaipei,Shuangxi,121.85711,25.05193,217
999,NewTaipei,Wanli,121.64583,25.22169,24
1000,NewTaipei,Wanli,121.68922,25.20519,110
1001,NewTaipei,Wanli,121.68781,25.20411,0
1002,NewTaipei,Sanchong,121.47214,25.06408,362
1003,NewTaipei,Jinshan,121.63287,25.25741,3505
1004,NewTaipei,Ruifang,121.82766,25.08625,254
1005,NewTaipei,Tamsui,121.45373,25.18235,0
1006,NewTaipei,Shulin,121.39406,24.97279,12
1007,NewTaipei,Wanli,121.61852,25.15341,0
1008,NewTaipei,Yingge,121.35004,24.95142,154
1009,NewTaipei,Bali,121.42194,25.16308,13565
1010,NewTaipei,Ruifang,121.83997,25.10811,258
1011,NewTaipei,Wugu,121.42545,25.10435,550
1012,NewTaipei,Wugu,121.42758,25.10368,810
1013,NewTaipei,Tamsui,121.46467,25.17504,0
1014,NewTaipei,Tamsui,121.42937,25.17922,47
1015,NewTaipei,Tamsui,121.42711,25.18398,0
1016,NewTaipei,Tamsui,121.43849,25.17186,4438
1017,NewTaipei,Pingxi,121.74441,25.04341,1004
1018,NewTaipei,Sanxia,121.44463,24.83081,4002
1019,NewTaipei,Tamsui,121.40954,25.18356,139215
1020,NewTaipei,Pinglin,121.72741,24.96781,0
1021,NewTaipei,Sanxia,121.44587,24.84763,0
1022,NewTaipei,Xindian,121.53883,24.95216,36
1023,NewTaipei,Wanli,121.69656,25.18066,7
1024,NewTaipei,Sanchong,121.48801,25.08281,1867
1025,NewTaipei,Sanchong,121.48728,25.08257,385
1026,NewTaipei,Xindian,121.53611,24.95632,803
1027,NewTaipei,Xindian,121.53611,24.95632,0
1028,NewTaipei,Xindian,121.53704,24.95762,778
1029,NewTaipei,Yingge,121.36448,24.95643,5244
1030,NewTaipei,Ruifang,121.84688,25.10756,4032
1031,NewTaipei,Wulai,121.50213,24.77741,3761
1032,NewTaipei,Sanzhi,121.50148,25.25696,2297
1033,NewTaipei,Gongliao,121.94478,25.01592,151354
1034,NewTaipei,Gongliao,121.94421,25.02168,246027
1035,NewTaipei,Gongliao,121.94271,25.01711,21826
1036,NewTaipei,Sanzhi,121.50696,25.24714,1771
1037,NewTaipei,Pinglin,121.73252,24.97579,566
1038,NewTaipei,Sanzhi,121.51242,25.25178,161
1039,NewTaipei,Yonghe,121.50524,25.01553,739
1040,NewTaipei,Xindian,121.56232,24.90456,2354
1041,NewTaipei,Xindian,121.55407,24.90465,0
1042,NewTaipei,Shiding,121.65781,24.94795,8
1043,NewTaipei,Wanli,121.68609,25.18825,2692
1044,NewTaipei,Xindian,121.52774,24.96152,96
1045,NewTaipei,Sanxia,121.36838,24.94261,2151
1046,NewTaipei,Xindian,121.56704,24.95378,27
1047,NewTaipei,Yingge,121.36137,24.95698,969
1048,NewTaipei,Shimen,121.54507,25.27871,3926
1049,NewTaipei,Wanli,121.65981,25.20705,0
1050,NewTaipei,Banqiao,121.44763,25.00594,24253
1051,NewTaipei,Shulin,121.38709,24.97361,51
1052,NewTaipei,Sanxia,121.44838,24.84488,7272
1053,NewTaipei,Ruifang,121.84544,25.11055,10
1054,NewTaipei,Shiding,121.66172,24.99061,53
1055,NewTaipei,Gongliao,121.92997,25.00253,2377
1056,NewTaipei,Tamsui,121.44855,25.16925,1392
1057,NewTaipei,Sanxia,121.35362,24.93094,322
1058,NewTaipei,Sanxia,121.35549,24.93127,864
1059,NewTaipei,Ruifang,121.92336,25.12881,1899
1060,NewTaipei,Ruifang,121.91554,25.12367,17542
1061,NewTaipei,Jinshan,121.63825,25.22191,57
1062,NewTaipei,Xindian,121.53954,24.95983,257
1063,NewTaipei,Xindian,121.50674,24.88684,0
1064,NewTaipei,Sanchong,121.49445,25.07218,1153
1065,NewTaipei,Sanxia,121.37212,24.90365,202
1066,NewTaipei,Shenkeng,121.61501,25.00176,0
1067,NewTaipei,Wulai,121.55126,24.84784,376
1068,NewTaipei,Xindian,121.48709,24.95185,323
1069,NewTaipei,Yingge,121.35282,24.94742,0
1070,NewTaipei,Tamsui,121.48694,25.21468,0
1071,NewTaipei,Pingxi,121.74881,25.03091,218
1072,NewTaipei,Shuangxi,121.86504,25.02738,218
1073,NewTaipei,Ruifang,121.83268,25.12569,620
1074,NewTaipei,Ruifang,121.83212,25.12632,14111
1075,NewTaipei,Shenkeng,121.61598,24.99883,0
1076,NewTaipei,Ruifang,121.84328,25.10903,0
1077,NewTaipei,Xindian,121.50821,24.91332,0
1078,NewTaipei,Shulin,121.43012,24.99952,0
1079,NewTaipei,Shulin,121.42461,24.99141,130569
1080,NewTaipei,Shulin,121.41274,25.00011,946
1081,NewTaipei,Shulin,121.39726,24.97283,34
1082,NewTaipei,Shulin,121.41071,24.99238,1755
1083,NewTaipei,Shulin,121.40999,24.99001,166
1084,NewTaipei,Shulin,121.42756,24.99904,16
1085,NewTaipei,Shulin,121.41947,24.99567,9
1086,NewTaipei,Shulin,121.42477,24.98951,630
1087,NewTaipei,Shulin,121.42609,24.98058,0
1088,NewTaipei,Sanzhi,121.51697,25.25446,392
1089,NewTaipei,Gongliao,121.92299,25.05173,5504
1090,NewTaipei,Gongliao,121.92696,25.05444,19
1091,NewTaipei,Gongliao,121.92651,25.05747,9968
1092,NewTaipei,Ruifang,121.86006,25.12228,14213
1093,NewTaipei,Xindian,121.55167,24.90801,622
1094,NewTaipei,Sanzhi,121.49334,25.19656,136
1095,NewTaipei,Zhonghe,121.51131,24.98865,24163
1096,NewTaipei,Sanchong,121.47561,25.05047,0
1097,NewTaipei,Tamsui,121.49126,25.16591,6125
1098,NewTaipei,Sanzhi,121.49456,25.23736,6749
1099,NewTaipei,Sanchong,121.47862,25.05583,0
1100,NewTaipei,Xindian,121.47901,24.94596,12233
1101,NewTaipei,Pingxi,121.72333,25.02449,3890
1102,NewTaipei,Zhonghe,121.49072,24.99325,33570
1103,NewTaipei,Pingxi,121.77622,25.04128,11477
1104,NewTaipei,Sanxia,121.42291,24.84836,0
1105,NewTaipei,Sanxia,121.35487,24.87176,0
1106,NewTaipei,Gongliao,121.93859,25.01879,66252
1107,NewTaipei,Gongliao,121.91341,25.08276,26226
1108,NewTaipei,Gongliao,121.92211,25.11213,374
1109,NewTaipei,Gongliao,121.91613,25.11731,45713
1110,NewTaipei,Bali,121.44767,25.13219,117
1111,NewTaipei,Ruifang,121.80392,25.10898,646
1112,NewTaipei,Xindian,121.55321,24.90238,1445
1113,NewTaipei,Wanli,121.68819,25.19605,126626
1114,NewTaipei,Pingxi,121.74811,25.03011,3858
1115,NewTaipei,Xindian,121.53485,24.91839,318
1116,NewTaipei,Shulin,121.42697,24.99389,2751
1117,NewTaipei,Ruifang,121.86559,25.09299,1624
1118,NewTaipei,Jinshan,121.65451,25.23283,15355
1119,NewTaipei,Jinshan,121.64781,25.23031,10281
1120,NewTaipei,Xindian,121.50152,24.90249,85
1121,NewTaipei,Wanli,121.60607,25.17674,288
1122,NewTaipei,Pingxi,121.71415,25.02821,32
1123,NewTaipei,Wulai,121.54737,24.86351,0
1124,NewTaipei,Tamsui,121.44701,25.16602,3
1125,NewTaipei,Ruifang,121.84583,25.11068,113409
1126,NewTaipei,Sanxia,121.40681,24.87064,101
1127,NewTaipei,Gongliao,121.95827,25.00405,65631
1128,NewTaipei,Sanxia,121.36865,24.93315,847
1129,NewTaipei,Shulin,121.41947,24.99567,0
1130,NewTaipei,Shenkeng,121.61505,24.99157,114
1131,NewTaipei,Shuangxi,121.86574,25.03376,562
1132,NewTaipei,Shuangxi,121.86594,25.03656,82
1133,NewTaipei,Shuangxi,121.86486,25.03488,5107
1134,NewTaipei,Shuangxi,121.86651,25.03856,21978
1135,NewTaipei,Shuangxi,121.86583,25.03861,271
1136,NewTaipei,Shuangxi,121.82741,25.02744,0
1137,NewTaipei,Wanli,121.64288,25.16711,0
1138,NewTaipei,Sanxia,121.41061,24.88818,21
1139,NewTaipei,Taishan,121.42202,25.05753,383
1140,NewTaipei,Taishan,121.42853,25.05721,4949
1141,NewTaipei,Tamsui,121.46406,25.12567,0
1142,NewTaipei,Bali,121.45701,25.12545,1045
1143,NewTaipei,Wulai,121.54939,24.86376,0
1144,NewTaipei,Ruifang,121.85965,25.11034,13533
1145,NewTaipei,Wugu,121.45562,25.11019,0
1146,NewTaipei,Ruifang,121.82495,25.07921,0
1147,NewTaipei,Luzhou,121.47078,25.08145,51985
1148,NewTaipei,Luzhou,121.46665,25.08539,8218
1149,NewTaipei,Luzhou,121.47431,25.09668,1702
1150,NewTaipei,Luzhou,121.46042,25.08307,1955
1151,NewTaipei,Luzhou,121.47201,25.08282,287
1152,NewTaipei,Luzhou,121.47943,25.09113,1486
1153,NewTaipei,Wugu,121.45448,25.08736,9402
1154,NewTaipei,Sanzhi,121.50181,25.22727,2091
1155,NewTaipei,Xindian,121.50206,24.95741,2
1156,NewTaipei,Yingge,121.35434,24.95597,1952
1157,NewTaipei,Yingge,121.35993,24.95823,5037
1158,NewTaipei,Yingge,121.35521,24.95449,25339
1159,NewTaipei,Yingge,121.35015,24.95134,491
1160,NewTaipei,Yingge,121.34861,24.95203,7
1161,NewTaipei,Shimen,121.51984,25.28272,12441
1162,NewTaipei,Wanli,121.60964,25.14276,29
1163,NewTaipei,Gongliao,121.97322,25.01771,21380
1164,NewTaipei,Gongliao,121.92752,25.04142,161
1165,NewTaipei,Gongliao,121.92731,25.04201,3851
1166,NewTaipei,Xindian,121.53957,24.94754,1347
1167,NewTaipei,Wugu,121.41877,25.12892,31781
1168,NewTaipei,Pinglin,121.71246,24.93932,72
1169,NewTaipei,Pingxi,121.73795,25.02541,451
1170,NewTaipei,Pingxi,121.73795,25.02541,340
1171,NewTaipei,Pingxi,121.73795,25.02541,0
1172,NewTaipei,Bali,121.41664,25.16897,2573
